time,fcu_reaFloSup_y,fcu_reaPCoo_y,fcu_reaPFan_y,fcu_reaPHea_y,zon_reaCO2RooAir_y,zon_reaPLig_y,zon_reaPPlu_y,zon_reaTRooAir_y,zon_weaSta_reaWeaCeiHei_y,zon_weaSta_reaWeaCloTim_y,zon_weaSta_reaWeaHDifHor_y,zon_weaSta_reaWeaHDirNor_y,zon_weaSta_reaWeaHGloHor_y,zon_weaSta_reaWeaHHorIR_y,zon_weaSta_reaWeaLat_y,zon_weaSta_reaWeaLon_y,zon_weaSta_reaWeaNOpa_y,zon_weaSta_reaWeaNTot_y,zon_weaSta_reaWeaPAtm_y,zon_weaSta_reaWeaRelHum_y,zon_weaSta_reaWeaSolAlt_y,zon_weaSta_reaWeaSolDec_y,zon_weaSta_reaWeaSolHouAng_y,zon_weaSta_reaWeaSolTim_y,zon_weaSta_reaWeaSolZen_y,zon_weaSta_reaWeaTBlaSky_y,zon_weaSta_reaWeaTDewPoi_y,zon_weaSta_reaWeaTDryBul_y,zon_weaSta_reaWeaTWetBul_y,zon_weaSta_reaWeaWinDir_y,zon_weaSta_reaWeaWinSpe_y,con_oveTSetCoo_activate,con_oveTSetCoo_u,con_oveTSetHea_activate,con_oveTSetHea_u,fcu_oveFan_activate,fcu_oveFan_u,fcu_oveTSup_activate,fcu_oveTSup_u,room_temperature_C,outdoor_temperature_C,lower_setpoint_C,upper_setpoint_C,occupancy,comfortable,occupied,sampled_discomfort_C,heating_thermal_energy_kWh,cooling_electric_energy_kWh,fan_electric_energy_kWh,sampled_hvac_energy_kWh
3600,0.0,0.0,0.0,0.0,316.77010563834216,56.64000000000001,25.92,290.405097251807,77777,3600,0.0,0.0,0.0,253,0.6939429105929453,-1.830152253641254,0.30000000000000004,0.7000000000000001,101325,0.5700000000000001,-1.2117031187437468,-0.40283294927680513,-2.893169371920129,3416.0653373907476,2.7824994455386434,258.4543868019217,266.54999999999995,273.15,270.67504560460424,3.543018381548489,2.8,0,303.15,0,288.15,0,0.0,0,294.15,17.255097251807,0.0,15.0,30.0,0,1,0,0.0,0.0,0.0,0.0,0.0
7200,0.0,0.0,0.0,0.0,349.51851726654303,56.64000000000001,25.92,289.8671004290895,77777,7200,0.0,0.0,0.0,255,0.6939429105929453,-1.830152253641254,0.4,0.9,101325,0.6,-1.0508888642530856,-0.4027795471132453,-2.631451564391207,7014.943528148608,2.621685191047982,259.0850159679427,267.04999999999995,273.15,270.8529351442124,3.543018381548489,3.3,0,303.15,0,288.15,0,0.0,0,294.15,16.7171004290895,0.0,15.0,30.0,0,1,0,0.0,0.0,0.0,0.0,0.0
10800,0.0,0.0,0.0,0.0,369.3814329753342,56.64000000000001,25.92,289.4183630195504,77777,10800,0.0,0.0,0.0,255,0.6939429105929453,-1.830152253641254,0.4,0.8,101325,0.5700000000000001,-0.8594404936344828,-0.4027259272719727,-2.3697337236839524,10613.822175141297,2.4302368204293794,258.94029223726903,266.45,273.15,270.67504560460424,3.141592653589793,3.7,0,303.15,0,288.15,0,0.0,0,294.15,16.268363019550407,0.0,15.0,30.0,0,1,0,0.0,0.0,0.0,0.0,0.0
14400,0.0,0.0,0.0,0.0,381.4289003436377,56.64000000000001,25.92,288.99375274764725,77777,14400,0.0,0.0,0.0,255,0.6939429105929453,-1.830152253641254,0.4,0.9,101325,0.5700000000000001,-0.6593038590675766,-0.4026720897952974,-2.1080158496670225,14212.701280174897,2.230100185862473,258.94029223726903,266.45,273.15,270.67504560460424,3.141592653589793,4.1,0,303.15,0,288.15,0,0.0,0,294.15,15.843752747647272,0.0,15.0,30.0,0,1,0,0.0,0.0,0.0,0.0,0.0
18000,0.0,0.0,0.0,0.0,388.7360586741795,56.64000000000001,25.92,288.58318651556743,77777,18000,0.0,0.0,0.0,257,0.6939429105929453,-1.830152253641254,0.5,1.0,101325,0.5700000000000001,-0.45894103277388965,-0.40261803472569446,-1.8462979422091441,17811.580845054545,2.029737359568786,259.45438147309414,266.54999999999995,273.15,270.67504560460424,3.543018381548489,4.6,0,303.15,0,288.15,0,0.0,0,294.15,15.433186515567456,0.0,15.0,30.0,0,1,0,0.0,0.0,0.0,0.0,0.0
21600,0.0,0.0,0.0,0.0,393.1680742368933,56.64000000000001,25.92,288.1859697072868,48800,21600,0.0,0.0,0.0,260,0.6939429105929453,-1.830152253641254,0.7000000000000001,1.0,101325,0.47000000000000003,-0.2633531584228299,-0.40256376210580463,-1.5845800011791145,21410.460871584415,1.8341494852177265,260.21758414799444,264.25,273.15,270.07628851459515,5.113814708343385,5.0,0,303.15,0,288.15,0,0.0,0,294.15,15.035969707286824,0.0,15.0,30.0,0,1,0,0.0,0.0,0.0,0.0,0.0
25200,0.0014112226032119422,0.0,0.0001281854736447479,9.602021407577666,394.9200373100225,56.64000000000001,25.92,288.14799452961836,48800,25200,1.5778688524590159,0.6166666666666667,1.6231884057971009,272,0.6939429105929453,-1.830152253641254,0.6000000000000001,1.0,101325,0.45,-0.07704378265294509,-0.4025092719784334,-1.322862026445799,25009.34136156773,1.6478401094478416,263.1436392363685,266.45,276.45,272.7133106174724,5.497787143782138,3.1,0,303.15,0,288.15,0,0.0025872654592462804,0,294.1991580437257,14.997994529618381,3.3000000000000114,15.0,30.0,0,0,0,0.0020054703816185793,0.009602021407577667,0.0,1.2818547364474788e-07,0.009602149593051312
28800,0.015907707590445772,0.0,0.016587713336674775,116.6451045319566,396.91274124355255,56.64000000000001,25.92,288.1516150135371,42700,28800,42.96106557377048,28.24917257683215,43.20223532301646,290,0.6939429105929453,-1.830152253641254,1.0,1.0,101325,0.51,0.09471305431587274,-0.4024545643865514,-1.061144017878134,28608.222316806758,1.4760832724790238,267.3149452825359,267.04999999999995,275.34999999999997,272.2028449661345,2.356194490192345,4.1,0,303.15,0,288.15,0,0.02890216479745827,0,294.6991411311517,15.001615013537105,2.1999999999999886,21.0,24.0,2,0,1,5.998384986462895,0.1166451045319566,0.0,1.6587713336674776e-05,0.11666169224529328
32400,0.18250016827008714,0.0,6.322063117029127,1285.0502052159673,603.6011789256809,566.4000000000001,259.20000000000005,294.16749519276055,45700,32400,108.6173155737705,38.18408511353597,102.00100114165276,287,0.6939429105929453,-1.830152253641254,0.9,1.0,101325,0.52,0.24506178705682258,-0.40239963937329404,-0.799425975345124,32207.103739102797,1.325734539738074,266.7871301331528,268.15,276.45,273.2108624522956,1.1868238913561442,3.1,0,297.15,0,294.15,0,0.33171104353985753,0,300.45250982725724,21.017495192760578,3.3000000000000114,21.0,24.0,2,1,1,0.0,1.2850502052159674,0.0,0.006322063117029127,1.2913722683329965
36000,0.1431593830830228,0.0,3.0555496802175766,784.0530569514553,730.3162457720564,566.4000000000001,259.20000000000005,294.2025148430496,61000,36000,101.96875,355.87497169286127,229.65804717922313,308,0.6939429105929453,-1.830152253641254,1.0,1.0,101325,0.28,0.3651450609728417,-0.4023444969819617,-0.5377078987158465,35805.985630256175,1.2056512658220548,271.454397348842,264.25,280.34999999999997,274.4307518040413,5.899212871740834,9.8,0,297.15,0,294.15,0,0.2599386098316573,0,299.08883358680146,21.052514843049607,7.199999999999989,21.0,24.0,2,1,1,0.0,0.7840530569514553,0.0,0.0030555496802175766,0.7871086066316729
39600,-2.513710563825984e-12,0.0,4.0664437750250066e-22,8.176338325881364e-10,807.3284865630081,566.4000000000001,259.20000000000005,294.45626503071105,88888,39600,77.5,874.2136174636174,426.5874553246122,286,0.6939429105929453,-1.830152253641254,0.6000000000000001,0.9,101325,0.23,0.44469386964529156,-0.40228913725601917,-0.275989787859447,39404.86799206626,1.126102457149605,266.44096098021805,262.54999999999995,280.95,274.4137236629069,5.113814708343385,10.3,0,297.15,0,294.15,0,0.0,0,294.15,21.306265030711074,7.800000000000011,21.0,24.0,2,1,1,0.0,8.176338325881364e-13,0.0,4.0664437750250067e-25,8.17633832588543e-13
43200,2.1893428465217796e-48,1.9903214957202038e-45,3.0846914951772724e-94,0.0,854.2285581704283,566.4000000000001,259.20000000000005,296.8384205693039,77777,43200,52.5,937.9371907118386,474.60614525139664,279,0.6939429105929453,-1.830152253641254,0.1,0.1,101325,0.25,0.4745388675537674,-0.40223356023909607,-0.01427164264514279,43003.75082633145,1.0962574592411292,264.74861441222856,264.25,282.04999999999995,275.402204033457,5.113814708343385,9.3,0,297.15,0,294.15,0,0.0,0,294.15,23.6884205693039,8.899999999999977,21.0,24.0,2,1,1,0.0,0.0,1.9903214957202037e-48,3.0846914951772725e-97,1.9903214957202037e-48
46800,0.17352945579245924,224.08902492137125,5.434862805526992,0.0,882.4728479533885,566.4000000000001,259.20000000000005,297.2002709967435,77777,46800,28.39423076923077,940.7389509470617,455.6853889127632,281,0.6939429105929453,-1.830152253641254,0.1,0.1,101325,0.24,0.4505974989149715,-0.40217776597498606,0.24744653705777575,46602.63413484914,1.120198827879925,265.21794363472856,264.25,282.54999999999995,275.6641670802351,5.497787143782138,9.3,0,297.15,0,294.15,0,0.3158234746155603,0,293.36011830461325,24.050270996743507,9.399999999999977,21.0,24.0,2,0,1,0.05027099674350666,0.0,0.22408902492137125,0.005434862805526992,0.22952388772689825
50400,0.2323915959013578,397.9367114461866,13.053597768149992,0.0,899.758763831804,566.4000000000001,259.20000000000005,297.1705509826786,77777,50400,9.830769230769231,891.9157052712092,369.14932255244753,278,0.6939429105929453,-1.830152253641254,0.0,0.0,101325,0.19,0.3761755546132537,-0.4021217545076476,0.5091647513799508,50201.51791941577,1.1946207721816429,264.65224804954534,262.54999999999995,283.75,275.9870459969196,5.113814708343385,9.3,0,297.15,0,294.15,0,0.4226545458186888,0,292.0781454501757,24.02055098267863,10.600000000000023,21.0,24.0,2,0,1,0.020550982678628316,0.0,0.39793671144618664,0.013053597768149992,0.41099030921433666
54000,0.24806308728808207,451.7093932407149,15.876523276703526,0.0,910.2617093205102,566.4000000000001,259.20000000000005,297.1530857803398,77777,54000,0.5597222222222227,757.6397200572716,239.08053782689913,281,0.6939429105929453,-1.830152253641254,0.1,0.1,101325,0.2,0.26007910027964765,-0.402065525881203,0.7708830004519501,53800.40218182679,1.310717226515249,265.3499476691186,262.54999999999995,283.15,275.67794960497844,5.497787143782138,4.6,0,297.15,0,294.15,0,0.4510407987113724,0,291.73751041546353,24.003085780339802,10.0,21.0,24.0,2,0,1,0.0030857803398021133,0.0,0.4517093932407149,0.015876523276703528,0.46758591651741843
57600,0.23420440760771094,400.26749840389084,13.361467608157938,0.0,916.6433077674634,566.4000000000001,259.20000000000005,297.1247710323823,77777,57600,6.8069444444444445,370.82250670840784,90.93792808219179,275,0.6939429105929453,-1.830152253641254,0.0,0.0,101325,0.23,0.1126202724138945,-0.4020090801399387,1.0326012844042707,57399.28692387665,1.458176054381002,263.8358026284259,263.75,282.54999999999995,275.5632979278781,4.71238898038469,8.8,0,297.15,0,294.15,0,0.4256562863346587,0,292.0421245639841,23.974771032382307,9.399999999999977,21.0,24.0,2,1,1,0.0,0.0,0.40026749840389086,0.013361467608157937,0.4136289660120488
61200,0.16967596141208596,209.00211823425448,5.080774582336521,0.0,920.5207783985684,566.4000000000001,259.20000000000005,297.1141594347934,77777,61200,6.283333333333333,19.807412790697676,0.0,263,0.6939429105929453,-1.830152253641254,0.0,0.0,101325,0.24,-0.057127972776151115,-0.40195241732830533,1.2943196033673374,60998.172147358826,1.6279242995710477,260.88906888117407,262.04999999999995,279.84999999999997,273.70416980112697,0.4014257279586958,7.7,0,297.15,0,294.15,0,0.30827598914775256,0,293.4506881302269,23.96415943479343,6.699999999999989,21.0,24.0,2,1,1,0.0,0.0,0.2090021182342545,0.005080774582336521,0.21408289281659101
64800,0.12406223029676128,111.73741535427041,2.004958431309756,0.0,922.8767349605051,566.4000000000001,259.20000000000005,297.12410735612445,77777,64800,0.0,0.0,0.0,258,0.6939429105929453,-1.830152253641254,0.0,0.0,101325,0.25,-0.2420947988553559,-0.4018955374909173,1.5560379574715018,64597.057854065795,1.8128911256502525,259.71283362737427,261.45,278.75,272.9783584527755,1.1868238913561442,4.6,0,297.15,0,294.15,0,0.22539933808715074,0,294.44520794295414,23.974107356124478,5.600000000000023,21.0,24.0,2,1,1,0.0,0.0,0.11173741535427041,0.002004958431309756,0.11374237378558016
68400,2.562318684157385e-38,1.8863585724599077e-36,4.225252354675896e-74,0.0,718.2757046290042,56.64000000000001,25.92,295.9756060945016,77777,68400,0.0,0.0,0.0,249,0.6939429105929453,-1.830152253641254,0.0,0.0,101325,0.35000000000000003,-0.43686024167617354,-0.40183844067255253,1.8177563468470448,68195.94404578903,2.00765656847107,257.5253798047239,263.15,275.95,271.59346783927634,1.9722220547535925,1.5,0,303.15,0,288.15,0,0.0,0,294.15,22.82560609450161,2.8000000000000114,15.0,30.0,0,1,0,0.0,0.0,1.886358572459908e-39,4.225252354675896e-77,1.886358572459908e-39
72000,-1.8558356964637715e-89,9.11089508736796e-87,2.216488149044555e-176,0.0,593.0444483156505,56.64000000000001,25.92,295.1595227329874,77777,72000,0.0,0.0,0.0,247,0.6939429105929453,-1.830152253641254,0.0,0.0,101325,0.36,-0.6368748180059738,-0.40178112691815293,2.0794747716241733,71794.830724319,2.2076711448008703,256.96544058427514,263.15,275.34999999999997,271.18391097026574,1.9722220547535925,3.1,0,303.15,0,288.15,0,0.0,0,294.15,22.00952273298742,2.1999999999999886,15.0,30.0,0,1,0,0.0,0.0,9.110895087367961e-90,2.216488149044555e-179,9.110895087367961e-90
75600,3.230186725922449e-140,0.0,6.71493204281739e-278,1.0241037934971372e-136,517.0876648248498,56.64000000000001,25.92,294.46855301980736,77777,75600,0.0,0.0,0.0,248,0.6939429105929453,-1.830152253641254,0.1,0.1,101325,0.32,-0.83726512547788,-0.4017235962728238,2.3411932319330218,75393.71789144521,2.4080614522727766,257.2983487618958,261.45,274.84999999999997,270.51293740938013,1.1868238913561442,2.1,0,303.15,0,288.15,0,0.0,0,294.15,21.318553019807382,1.6999999999999886,15.0,30.0,0,1,0,0.0,1.0241037934971372e-139,0.0,6.71493204281739e-281,1.0241037934971372e-139
79200,-2.616428518493594e-191,3.568031858182774e-188,0.0,0.0,471.01743341367523,56.64000000000001,25.92,293.7565340795863,77777,79200,0.0,0.0,0.0,252,0.6939429105929453,-1.830152253641254,0.4,0.4,101325,0.35000000000000003,-1.0301800677883182,-0.40166584878183376,2.6029117279036496,78992.60554895607,2.6009763945832147,258.2777811977377,261.45,273.75,269.83074420482916,1.1868238913561442,2.6,0,303.15,0,288.15,0,0.0,0,294.15,20.60653407958631,0.6000000000000227,15.0,30.0,0,1,0,0.0,0.0,3.568031858182774e-191,0.0,3.568031858182774e-191
82800,4.6362033790466183e-243,0.0,0.0,2.5634210925800573e-239,443.0743567754149,56.64000000000001,25.92,293.0263397747536,77777,82800,0.0,0.0,0.0,252,0.6939429105929453,-1.830152253641254,0.4,0.4,101325,0.45,-1.1960720507887586,-0.40160788449061485,2.8646302596660433,82591.49369863905,2.766868377583655,258.2819203247749,263.75,273.15,269.9554609174555,0.7853981633974483,9.3,0,303.15,0,288.15,0,0.0,0,294.15,19.876339774753603,0.0,15.0,30.0,0,1,0,0.0,2.5634210925800574e-242,0.0,0.0,2.5634210925800574e-242
86400,1.1176360238154248e-293,0.0,0.0,7.038847078068558e-290,426.12598234588467,56.64000000000001,25.92,292.01627583886363,1200,86400,0.0,0.0,0.0,262,0.6939429105929453,-1.830152253641254,1.0,1.0,101325,0.79,-1.2781180441695068,-0.4015497034447621,3.126348827350118,86190.3823422806,2.8489143709644034,260.6399097771123,265.95,268.75,267.7977438996161,0.4014257279586958,7.7,0,303.15,0,288.15,0,0.0,0,294.15,18.866275838863658,-4.399999999999977,15.0,30.0,0,1,0,0.0,7.038847078068558e-293,0.0,0.0,7.038847078068558e-293
90000,-5e-324,1.028e-320,0.0,0.0,415.846236368687,56.64000000000001,25.92,291.2084110189291,2400,90000,0.0,0.0,0.0,256,0.6939429105929453,-1.830152253641254,1.0,1.0,101325,0.79,-1.2115306462023412,-0.40149130569003383,3.3880674310857124,89789.27148166613,2.7823269729972377,259.2077528602353,264.84999999999997,267.54999999999995,266.65770694131817,0.4014257279586958,7.7,0,303.15,0,288.15,0,0.0,0,294.15,18.05841101892912,-5.600000000000023,15.0,30.0,0,1,0,0.0,0.0,1e-323,0.0,1e-323
93600,-5e-324,1.208e-320,0.0,0.0,409.6112238738428,56.64000000000001,25.92,290.38931252089355,2400,93600,0.0,0.0,0.0,247,0.6939429105929453,-1.830152253641254,1.0,1.0,101325,0.67,-1.0513574728229997,-0.40143269127235115,3.649786071002591,93388.16111858004,2.6221537996178963,256.8206740519687,261.45,265.95,264.6618822523973,0.4014257279586958,8.2,0,303.15,0,288.15,0,0.0,0,294.15,17.239312520893577,-7.199999999999989,15.0,30.0,0,1,0,0.0,0.0,1e-323,0.0,1e-323
97200,-5e-324,1.408e-320,0.0,0.0,405.82949933371367,56.64000000000001,25.92,289.564790316364,4000,97200,0.0,0.0,0.0,240,0.6939429105929453,-1.830152253641254,1.0,1.0,101325,0.75,-0.8601385838584639,-0.40137386023779803,3.911504747230445,96987.05125480569,2.4309349106533604,255.05512857179016,260.95,264.25,263.3695437922946,0.4014257279586958,6.2,0,303.15,0,288.15,0,0.0,0,294.15,16.41479031636402,-8.899999999999977,15.0,30.0,0,1,0,0.0,0.0,1.5e-323,0.0,1.5e-323
100800,-5e-324,1.5726e-320,0.0,0.0,403.5357684856606,56.64000000000001,25.92,288.8283467600075,4000,100800,0.0,0.0,0.0,238,0.6939429105929453,-1.830152253641254,1.0,1.0,101325,0.78,-0.660053620047218,-0.4013148126326212,4.173223459898889,100585.94189212543,2.2308499468421146,254.5725266255805,260.95,263.75,262.9988893122353,0.7853981633974483,6.2,0,303.15,0,288.15,0,0.0,0,294.15,15.678346760007514,-9.399999999999977,15.0,30.0,0,1,0,0.0,0.0,1.5e-323,0.0,1.5e-323
104400,0.008236625887084797,0.0,0.00438776353029152,60.45007793985466,403.7927891332821,56.64000000000001,25.92,288.1061215725155,3000,104400,0.0,0.0,0.0,233,0.6939429105929453,-1.830152253641254,1.0,1.0,101325,0.78,-0.45964805821736476,-0.40125554850322986,4.434942209137463,104184.83303232056,2.0304443850122613,253.14198272863808,259.84999999999997,262.54999999999995,261.8520594910622,1.1868238913561442,5.7,0,303.15,0,288.15,0,0.015259696565473874,0,294.439934234744,14.956121572515542,-10.600000000000023,15.0,30.0,0,0,0,0.043878427484457916,0.06045007793985466,0.0,4.38776353029152e-06,0.060454465703384946
108000,0.04561901030299652,0.0,0.15414458518345692,387.8167874521847,402.3907517822717,56.64000000000001,25.92,288.13192455301294,12200,108000,0.0,0.0,0.0,227,0.6939429105929453,-1.830152253641254,1.0,1.0,101325,0.74,-0.2639502283179036,-0.4011960678961957,4.696660995075633,107783.72467717135,1.8347465551128002,251.65832605474077,258.15,261.45,260.67939315845774,0.7853981633974483,5.1,0,303.15,0,288.15,0,0.08305834702867143,0,295.72810859354473,14.98192455301296,-11.699999999999989,15.0,30.0,0,0,0,0.018075446987040777,0.38781678745218473,0.0,0.00015414458518345691,0.3879709320373682
111600,0.0700149369133977,0.0,0.42567630209282525,660.6121864585473,401.45263152569777,56.64000000000001,25.92,288.1377811363792,5800,111600,0.0,0.0,0.0,226,0.6939429105929453,-1.830152253641254,1.0,1.0,101325,0.8200000000000001,-0.07746929902205002,-0.4011363708582529,4.958379817842789,111382.61682845706,1.6482656258169466,251.3266462049531,258.75,260.95,260.43435977908376,0.7853981633974483,6.2,0,303.15,0,288.15,0,0.12737734514981003,0,296.5701695578464,14.987781136379226,-12.199999999999989,15.0,30.0,0,0,0,0.012218863620773845,0.6606121864585472,0.0,0.00042567630209282525,0.66103786276064
115200,0.08557347173292104,0.0,0.7134154026202886,858.3466644859243,400.8826236821346,56.64000000000001,25.92,288.1423146932334,4600,115200,13.700000000000001,1.3124999999999998,13.975000000000001,225,0.6939429105929453,-1.830152253641254,1.0,1.0,101325,0.73,0.09452477592254982,-0.40107645743629766,5.220098677568245,114981.50948795587,1.4762715508723467,251.02684053019942,257.54999999999995,260.95,260.17477231288535,0.7853981633974483,6.7,0,303.15,0,288.15,0,0.15563716130721678,0,297.10710606483707,14.992314693233425,-12.199999999999989,21.0,24.0,2,0,1,6.007685306766575,0.8583466644859243,0.0,0.0007134154026202886,0.8590600798885446
118800,0.25427091599990037,0.0,17.098626129042692,2497.9866827086794,606.0134552468388,566.4000000000001,259.20000000000005,294.15619382903486,3700,118800,36.68888888888889,3.6875,37.09444444444444,224,0.6939429105929453,-1.830152253641254,1.0,1.0,101325,0.8200000000000001,0.24518334947304377,-0.40101632767738854,5.481817574381236,118580.40265744491,1.3256129773218528,250.5995226175244,258.15,260.34999999999997,259.85396172588725,1.1868238913561442,6.2,0,297.15,0,294.15,0,0.46227256067209854,0,302.93317865276987,21.006193829034885,-12.800000000000011,21.0,24.0,2,1,1,0.0,2.4979866827086794,0.0,0.017098626129042692,2.515085308837722
122400,0.24811608575000282,0.0,15.886781303624922,2380.365064251358,731.782436736259,566.4000000000001,259.20000000000005,294.1525332309774,6100,122400,55.798611111111114,4.0,57.41269841269841,222,0.6939429105929453,-1.830152253641254,1.0,1.0,101325,0.67,0.36564943384115356,-0.4009559816287458,5.743536508410929,122179.2963387003,1.205146892953743,250.0469706238812,255.95,260.34999999999997,259.43734526597206,1.5707963267948966,4.6,0,297.15,0,294.15,0,0.4511042360030366,0,302.7209804840577,21.002533230977406,-12.800000000000011,21.0,24.0,2,1,1,0.0,2.380365064251358,0.0,0.015886781303624923,2.396251845554983
126000,0.24520980530688358,0.0,15.335030748656846,2325.864256977012,808.1999338103151,566.4000000000001,259.20000000000005,294.15063986537103,3700,126000,68.5546875,4.0,70.67226890756302,222,0.6939429105929453,-1.830152253641254,1.0,1.0,101325,0.67,0.44563338719425505,-0.40089541933775175,6.005255479786403,125778.19053349707,1.1251629396006415,250.0469706238812,255.95,260.34999999999997,259.43734526597206,1.1868238913561442,4.1,0,297.15,0,294.15,0,0.44583265301216085,0,302.620820407231,21.000639865371056,-12.800000000000011,21.0,24.0,2,1,1,0.0,2.325864256977012,0.0,0.015335030748656846,2.3411992877256687
129600,0.24881553067032994,0.0,16.021516010547774,2395.9606221490085,854.6313660578297,566.4000000000001,259.20000000000005,294.14750781353536,2400,129600,73.265625,4.0,75.19117647058823,217,0.6939429105929453,-1.830152253641254,1.0,1.0,101325,0.7000000000000001,0.4759141466890411,-0.4008346408519505,6.266974488636669,129377.08524360921,1.0948821801058555,248.83898245088952,255.34999999999997,259.25,258.47903550873315,0.7853981633974483,8.2,0,297.15,0,294.15,0,0.4524070429291932,0,302.74573381565466,20.99750781353538,-13.899999999999977,21.0,24.0,2,0,1,0.002492186464621682,2.3959606221490084,0.0,0.016021516010547774,2.4119821381595563
133200,0.2518836423074087,0.0,16.621531910017385,2455.1832957661536,882.8432046474874,566.4000000000001,259.20000000000005,294.14854391553007,3700,133200,68.5546875,4.0,70.67226890756302,214,0.6939429105929453,-1.830152253641254,1.0,1.0,101325,0.77,0.4523426828556414,-0.4007736462190475,6.528693535090656,132975.98047080965,1.1184536439392552,247.78315648870637,255.34999999999997,258.15,257.6020134192622,0.7853981633974483,6.7,0,297.15,0,294.15,0,0.45797934200537593,0,302.8516074981021,20.998543915530092,-15.0,21.0,24.0,2,0,1,0.001456084469907637,2.4551832957661537,0.0,0.016621531910017386,2.4718048276761713
136800,0.25327065858852255,0.0,16.897629856932337,2482.167593950174,899.9847785950166,566.4000000000001,259.20000000000005,294.14916710670207,2100,136800,55.798611111111114,4.0,57.41269841269841,214,0.6939429105929453,-1.830152253641254,1.0,1.0,101325,0.77,0.3781833261406975,-0.40071243548691005,6.79041261927722,136574.87621687027,1.192613000654199,247.78315648870637,255.34999999999997,258.15,257.6020134192622,0.7853981633974483,6.2,0,297.15,0,294.15,0,0.4604977669868704,0,302.8994575727505,20.99916710670209,-15.0,21.0,24.0,2,0,1,0.0008328932979111414,2.482167593950174,0.0,0.01689762985693234,2.4990652238071065
140400,0.2556224799851551,0.0,17.372738615508744,2528.7533435822934,910.4000355534827,566.4000000000001,259.20000000000005,294.1483021517499,2700,140400,36.68888888888889,3.6875,37.09444444444445,212,0.6939429105929453,-1.830152253641254,1.0,1.0,101325,0.66,0.2622442027048346,-0.40065100870356657,7.052131741325138,140173.77248356186,1.308552124090062,247.37771635059732,253.74999999999997,258.15,257.33826126364664,0.4014257279586958,6.7,0,297.15,0,294.15,0,0.4647790257014058,0,302.9808014883267,20.998302151749897,-15.0,21.0,24.0,2,0,1,0.0016978482501031067,2.5287533435822933,0.0,0.017372738615508743,2.546126082197802
144000,0.26023617326874793,0.0,18.33049301588953,2621.3925452695134,916.7283679231028,566.4000000000001,259.20000000000005,294.1464488754797,2700,144000,13.699999999999998,2.0,13.974999999999998,208,0.6939429105929453,-1.830152253641254,1.0,1.0,101325,0.6900000000000001,0.1148650087410048,-0.400589365917207,7.313850901363106,143772.66927265414,1.4559313180538918,246.1710532889719,253.14999999999998,257.04999999999995,256.36448849669114,1.1868238913561442,5.1,0,297.15,0,294.15,0,0.47317974643625504,0,303.14041518228885,20.9964488754797,-16.100000000000023,21.0,24.0,2,0,1,0.003551124520299709,2.6213925452695133,0.0,0.01833049301588953,2.639723038285403
147600,0.2672354935488624,0.0,19.84968285230795,2764.31862361242,920.5734762247575,566.4000000000001,259.20000000000005,294.14603989516974,2700,147600,0.0,0.3125000000000001,0.0,204,0.6939429105929453,-1.830152253641254,1.0,1.0,101325,0.72,-0.05485141781170588,-0.4005275071761822,7.575570099519745,147371.56658591577,1.6256477446066024,244.96505151772462,252.54999999999998,255.95,255.37739877389834,0.7853981633974483,6.2,0,297.15,0,294.15,0,0.4859076780205925,0,303.38224588239126,20.99603989516976,-17.19999999999999,21.0,24.0,2,0,1,0.003960104830241562,2.76431862361242,0.0,0.01984968285230795,2.784168306464728
151200,0.2717545498766299,0.0,20.873805176986945,2857.8339725192623,922.9097723228911,566.4000000000001,259.20000000000005,294.14800321582163,2700,151200,0.0,0.0,0.0,202,0.6939429105929453,-1.830152253641254,1.0,1.0,101325,0.77,-0.23981159544784747,-0.4004654325290041,7.837289335923596,150970.46442511433,1.810607922242744,244.3908025202226,252.54999999999998,255.34999999999997,254.8997919963497,0.7853981633974483,6.2,0,297.15,0,294.15,0,0.49411182246889745,0,303.53812462690905,20.998003215821655,-17.80000000000001,21.0,24.0,2,0,1,0.0019967841783454787,2.8578339725192623,0.0,0.020873805176986945,2.878707777696249
154800,0.11646101725704039,0.0,1.670355964830511,1308.5957171886005,718.8565884839207,56.64000000000001,25.92,288.137618813468,2700,154800,0.0,0.0,0.0,200,0.6939429105929453,-1.830152253641254,1.0,1.0,101325,0.62,-0.434580147830931,-0.40040314202434546,8.099008610703127,154569.36279201636,2.0053764746258276,243.82715891338322,250.34999999999997,255.34999999999997,254.60465687184072,1.1868238913561442,6.2,0,303.15,0,288.15,0,0.21182606979686847,0,298.17469532614047,14.987618813468032,-17.80000000000001,15.0,30.0,0,0,0,0.01238118653196807,1.3085957171886005,0.0,0.0016703559648305112,1.310266073153431
158400,0.13167159830979758,0.0,2.3860061466656655,1555.424046783773,593.7380993003616,56.64000000000001,25.92,288.142670989665,2700,158400,0.0,0.0,0.0,199,0.6939429105929453,-1.830152253641254,1.0,1.0,101325,0.6900000000000001,-0.634596807632906,-0.40034063571104,8.360727923986717,158168.26168838723,2.2053931344278026,243.50401818458403,250.95,254.84999999999997,254.2641970305764,1.1868238913561442,4.6,0,303.15,0,288.15,0,0.23944974209968822,0,298.69954509989407,14.992670989665044,-18.30000000000001,15.0,30.0,0,0,0,0.007329010334956365,1.555424046783773,0.0,0.0023860061466656653,1.5578100529304386
162000,0.14245977552540706,0.0,3.011388214016066,1741.6300607713545,517.7157522293293,56.64000000000001,25.92,288.1437087512944,2700,162000,0.0,0.0,0.0,198,0.6939429105929453,-1.830152253641254,1.0,1.0,101325,0.58,-0.8349808103260785,-0.40027791363808196,8.622447275902676,161767.16111599127,2.405777137120975,243.06511310839315,249.24999999999997,254.84999999999997,254.05521171316516,1.1868238913561442,5.1,0,303.15,0,288.15,0,0.25905838459018365,0,299.07210930721345,14.993708751294434,-18.30000000000001,15.0,30.0,0,0,0,0.006291248705565522,1.7416300607713544,0.0,0.003011388214016066,1.7446414489853705
165600,0.15239546024556133,0.0,3.6820530185524083,1921.1451134534032,471.5243774198836,56.64000000000001,25.92,288.1444280541169,2700,165600,0.0,0.0,0.0,197,0.6939429105929453,-1.830152253641254,1.0,1.0,101325,0.6900000000000001,-1.0278859907962645,-0.400214975854626,8.884166666579228,165366.06107659175,2.598682317591161,242.7767971557771,250.34999999999997,254.24999999999997,253.6894285502703,1.1868238913561442,5.1,0,303.15,0,288.15,0,0.27711817658760735,0,299.41524535516453,14.994428054116895,-18.900000000000006,15.0,30.0,0,0,0,0.005571945883104945,1.9211451134534032,0.0,0.003682053018552408,1.9248271664719556
169200,0.16040206978563604,0.0,4.292456053139448,2071.2741326205155,443.45838190675516,56.64000000000001,25.92,288.1456041735788,2700,169200,0.0,0.0,0.0,195,0.6939429105929453,-1.830152253641254,1.0,1.0,101325,0.6900000000000001,-1.1938595695634815,-0.4001518224099873,9.14588609614452,168964.96157195081,2.764655896358378,242.17082877672536,249.84999999999997,253.74999999999997,253.20982695287933,0.7853981633974483,5.1,0,303.15,0,288.15,0,0.29166831791914655,0,299.69169804046373,14.99560417357884,-19.400000000000006,15.0,30.0,0,0,0,0.004395826421159654,2.0712741326205153,0.0,0.004292456053139448,2.075566588673655
172800,0.16543241012720786,0.0,4.7090461239574575,2167.973431435455,426.4054143606615,56.64000000000001,25.92,288.14700906852045,2700,172800,0.0,0.0,0.0,197,0.6939429105929453,-1.830152253641254,1.0,1.0,101325,0.73,-1.2765816685660907,-0.4000884533536414,9.407605564726621,172563.86260382948,2.8473779953609872,242.93073032540903,250.95,254.24999999999997,253.76199403168044,1.5707963267948966,5.1,0,303.15,0,288.15,0,0.30080600246961897,0,299.8653140469227,14.99700906852047,-18.900000000000006,15.0,30.0,0,0,0,0.0029909314795304454,2.167973431435455,0.0,0.004709046123957458,2.1726824775594125
176400,0.17153316039863264,0.0,5.249469558182794,2288.3559692874423,416.0440311310743,56.64000000000001,25.92,288.1467087546979,3700,176400,0.0,0.0,0.0,195,0.6939429105929453,-1.830152253641254,1.0,1.0,101325,0.72,-1.2112310907251227,-0.40002486873522386,9.66932507245352,176162.76417398776,2.7820274175200193,242.29935999322885,250.34999999999997,253.74999999999997,253.2622667081363,1.9722220547535925,4.6,0,303.15,0,288.15,0,0.31189892460147806,0,300.07607956742805,14.99670875469792,-19.400000000000006,15.0,30.0,0,0,0,0.003291245302079915,2.2883559692874424,0.0,0.005249469558182794,2.293605438845625
180000,0.17578672419302668,0.0,5.649751848226234,2373.769725998682,409.7483621788992,56.64000000000001,25.92,288.14747685836556,3700,180000,0.0,0.0,0.0,197,0.6939429105929453,-1.830152253641254,1.0,1.0,101325,0.6900000000000001,-1.051723318856994,-0.39996106860453007,9.93104461945312,179761.66628418444,2.6225196456518907,242.7767971557771,250.34999999999997,254.24999999999997,253.6894285502703,1.9722220547535925,4.6,0,303.15,0,288.15,0,0.3196286237712497,0,300.2229438516537,14.997476858365587,-18.900000000000006,15.0,30.0,0,0,0,0.0025231416344126956,2.3737697259986823,0.0,0.005649751848226235,2.3794194778469087
183600,0.1797783837570666,0.0,6.0434310113358265,2455.407768158357,405.9231101177249,56.64000000000001,25.92,288.14725684434825,3700,183600,0.0,0.0,0.0,197,0.6939429105929453,-1.830152253641254,1.0,1.0,101325,0.65,-0.8607464822328477,-0.3998970530115157,10.19276420585325,183360.5689361773,2.4315428090277442,242.6480126757928,249.84999999999997,254.24999999999997,253.6167941054823,1.1868238913561442,3.6,0,303.15,0,288.15,0,0.3268878983755464,0,300.36087006913533,14.997256844348271,-18.900000000000006,15.0,30.0,0,0,0,0.002743155651728557,2.455407768158357,0.0,0.0060434310113358265,2.461451199169693
187200,0.18493904939992162,0.0,6.578956526780817,2562.941816281727,403.5988848632894,56.64000000000001,25.92,288.1463047002692,4300,187200,0.0,0.0,0.0,195,0.6939429105929453,-1.830152253641254,1.0,1.0,101325,0.6900000000000001,-0.6607174715544515,-0.3998328220062959,10.454483831781651,186959.47213172293,2.231513798349348,242.17082877672536,249.84999999999997,253.74999999999997,253.20982695287933,1.1868238913561442,3.1,0,303.15,0,288.15,0,0.3362770989158377,0,300.5392648794009,14.996304700269206,-19.400000000000006,15.0,30.0,0,0,0,0.003695299730793522,2.562941816281727,0.0,0.006578956526780817,2.5695207728085077
190800,0.19158725446093694,0.0,7.314270121039053,2704.3072537245816,402.18668432857856,56.64000000000001,25.92,288.14604781538304,6100,190800,0.0,0.0,0.0,193,0.6939429105929453,-1.830152253641254,1.0,1.0,101325,0.68,-0.46026873750836383,-0.3997683756391456,10.716203497365994,190558.37587257687,2.0310650643032604,241.44372526344802,249.24999999999997,253.14999999999998,252.6168464289806,0.7853981633974483,4.1,0,303.15,0,288.15,0,0.3483657917373236,0,300.7689500430091,14.996047815383065,-20.0,15.0,30.0,0,0,0,0.003952184616935028,2.704307253724582,0.0,0.007314270121039053,2.7116215238456207
194400,0.1981741785900167,0.0,8.094916138929486,2847.583695078897,401.32863050658324,56.64000000000001,25.92,288.14628602757034,7600,194400,0.0,0.0,0.0,180,0.6939429105929453,-1.830152253641254,0.8,0.8,101325,0.61,-0.2644575341100215,-0.3997037139604991,10.977923202733857,194157.28016049354,1.835253860904918,237.48995153198723,247.54999999999998,252.54999999999998,251.92865783876826,1.1868238913561442,5.1,0,303.15,0,288.15,0,0.36034022430013457,0,300.99646426170256,14.996286027570363,-20.599999999999994,15.0,30.0,0,0,0,0.0037139724296366694,2.8475836950788973,0.0,0.008094916138929487,2.8556786112178267
198000,0.2026117208823576,0.0,8.650970864813866,2945.5608104986304,400.807276539856,56.64000000000001,25.92,288.14809838954943,5500,198000,1.5649038461538458,0.6228070175438596,1.5937499999999993,191,0.6939429105929453,-1.830152253641254,1.0,1.0,101325,0.72,-0.07779953493368197,-0.3996388370209502,11.23964294801275,197756.1849972262,1.6485958617285785,240.87147072993798,249.24999999999997,252.54999999999998,252.10438532479168,1.5707963267948966,5.7,0,303.15,0,288.15,0,0.3683970088182271,0,301.1495431675463,14.998098389549455,-20.599999999999994,15.0,30.0,0,0,0,0.0019016104505453768,2.9455608104986304,0.0,0.008650970864813865,2.954211781363444
201600,0.2021354946551936,0.0,8.590113426655593,2933.4050552359645,400.49050317823287,56.64000000000001,25.92,288.1539746081608,7600,201600,40.10697115384616,17.76398543528633,41.53125,184,0.6939429105929453,-1.830152253641254,0.9,0.9,101325,0.61,0.09443877813218893,-0.39957374487125213,11.50136273333009,201355.09038452702,1.4763575486627076,238.758474017166,247.54999999999998,252.54999999999998,251.92865783876826,6.283185307179586,3.1,0,303.15,0,288.15,0,0.3674920956970522,0,301.132349818244,15.003974608160831,-20.599999999999994,21.0,24.0,2,0,1,5.996025391839169,2.9334050552359643,0.0,0.008590113426655593,2.94199516866262
205200,0.35493461793186604,0.0,46.50677583941363,4863.9549597393125,605.7751535048731,566.4000000000001,259.20000000000005,294.1604706035848,6100,205200,89.86786009933775,23.94168987565214,92.67388059701493,180,0.6939429105929453,-1.830152253641254,0.8,1.0,101325,0.61,0.24541492399579412,-0.39950843756231685,11.763082558813208,204953.99632414698,1.3253814027991024,237.48995153198723,247.54999999999998,252.54999999999998,251.92865783876826,6.283185307179586,6.7,0,297.15,0,294.15,0,0.6452704275975027,0,306.41013812435256,21.01047060358485,-20.599999999999994,21.0,24.0,2,1,1,0.0,4.863954959739313,0.0,0.04650677583941363,4.910461735578727
208800,0.3429848415801536,0.0,41.96584124033183,4545.187999797256,731.6376732454714,566.4000000000001,259.20000000000005,294.15603315478023,3700,208800,120.33972918637653,3.331225395943558,119.18626433052131,182,0.6939429105929453,-1.830152253641254,0.9,1.0,101325,0.5700000000000001,0.36627101313496535,-0.39944291514521546,12.024802424589367,208552.90281783603,1.2045253136599312,238.00051900961103,246.45,252.04999999999998,251.3904170461029,5.497787143782138,5.1,0,297.15,0,294.15,0,0.6235702017913072,0,305.9978338340348,21.006033154780255,-21.099999999999994,21.0,24.0,2,1,1,0.0,4.545187999797257,0.0,0.04196584124033183,4.587153841037589
212400,0.32180601101065176,0.0,34.66199934383461,3987.9156348098268,808.1119993577678,566.4000000000001,259.20000000000005,294.1901482756918,3700,212400,107.89385177646189,432.43052783788414,293.3196169772257,179,0.6939429105929453,-1.830152253641254,0.9,1.0,101325,0.68,0.44669476946919917,-0.3993771776711782,12.286522330785742,212151.8098673429,1.1241015573256974,237.11703426736912,247.04999999999998,250.95,250.49974248677213,5.497787143782138,4.6,0,297.15,0,294.15,0,0.5848264632548869,0,305.26170280184283,21.04014827569182,-22.19999999999999,21.0,24.0,2,1,1,0.0,3.9879156348098266,0.0,0.034661999343834606,4.022577634153661
216000,0.23868269210964657,0.0,14.142752346123677,2192.291356652511,854.5779637320153,566.4000000000001,259.20000000000005,294.1860509757855,77777,216000,45.252212106837916,973.7413896207061,480.30096098680434,170,0.6939429105929453,-1.830152253641254,0.2,0.2,101325,0.52,0.4774111603802331,-0.3993112251915936,12.54824227752942,215750.71747441526,1.0933851664146634,234.14178099942953,246.45,253.14999999999998,252.34893199628434,5.899212871740834,4.1,0,297.15,0,294.15,0,0.4337460113314162,0,302.39117421529687,21.036050975785543,-20.0,21.0,24.0,2,1,1,0.0,2.1922913566525106,0.0,0.014142752346123676,2.2064341089986343
219600,0.20866438741985935,0.0,9.44965945479976,1682.658831378005,882.8107857423772,566.4000000000001,259.20000000000005,294.1548769110265,77777,219600,71.47976844115541,648.8910784564987,367.00848574152724,177,0.6939429105929453,-1.830152253641254,0.4,0.4,101325,0.52,0.4542036202613702,-0.39924505775800917,12.80996226494741,219349.62564079955,1.1165927065335264,236.4869970217934,247.54999999999998,254.24999999999997,253.38025704752152,5.497787143782138,4.1,0,297.15,0,294.15,0,0.3793704405681819,0,301.35803837079544,21.004876911026543,-18.900000000000006,21.0,24.0,2,1,1,0.0,1.682658831378005,0.0,0.00944965945479976,1.6921084908328048
223200,0.21136529551464184,0.0,9.821372817888447,1728.0753816184904,899.9650786564381,566.4000000000001,259.20000000000005,294.1490980507785,77777,223200,89.79795782770033,427.42275090593984,266.9688505774328,176,0.6939429105929453,-1.830152253641254,0.4,0.5,101325,0.42,0.3802962267047283,-0.39917867542213065,13.07168229316664,222948.53436824115,1.1905001000901683,235.91848971326098,245.34999999999997,254.24999999999997,253.19781258417237,0.4014257279586958,4.1,0,297.15,0,294.15,0,0.3843050196727933,0,301.45179537378306,20.999098050778514,-18.900000000000006,21.0,24.0,2,0,1,0.0009019492214861202,1.7280753816184904,0.0,0.009821372817888446,1.7378967544363788
226800,0.2053611911383498,0.0,9.007956445620442,1629.3154272329525,910.3880655588447,566.4000000000001,259.20000000000005,294.15695846026256,77777,226800,32.48310919849382,540.4147237606376,199.14412332915623,173,0.6939429105929453,-1.830152253641254,0.2,0.8,101325,0.54,0.2645017739696749,-0.3991120782358224,13.333402362313949,226547.44365848423,1.3062945528252217,234.97802866950224,247.54999999999998,253.74999999999997,252.94710081854006,5.497787143782138,3.1,0,297.15,0,294.15,0,0.373340537919959,0,301.2434702204792,21.00695846026258,-19.400000000000006,21.0,24.0,2,1,1,0.0,1.6293154272329524,0.0,0.009007956445620443,1.6383233836785729
230400,0.2095024328689554,0.0,9.563973531106264,1702.3965671842855,916.7210974956482,566.4000000000001,259.20000000000005,294.13189307332345,77777,230400,7.486363636363636,342.57688733097353,88.85026311249139,172,0.6939429105929453,-1.830152253641254,0.30000000000000004,0.8,101325,0.65,0.11718983898059987,-0.3990452662511068,13.595122472516094,230146.35351327184,1.4536064878142967,234.59522749243698,248.14999999999998,252.54999999999998,251.99260194058027,0.4014257279586958,3.1,0,297.15,0,294.15,0,0.3810352226596736,0,301.3896692305338,20.981893073323477,-20.599999999999994,21.0,24.0,2,0,1,0.01810692667652347,1.7023965671842856,0.0,0.009563973531106263,1.7119605407153917
234000,0.24137224712919833,0.0,14.626255463955308,2256.9882557683163,920.5690590413309,566.4000000000001,259.20000000000005,294.13822595245404,27400,234000,5.727272727272728,15.862934362934354,4.422554347826086,174,0.6939429105929453,-1.830152253641254,0.5,0.6000000000000001,101325,0.58,-0.05250550991151015,-0.3989782395201643,13.856842623899746,233745.26393434586,1.6233018367064067,235.22239436750445,247.04999999999998,252.54999999999998,251.88066741806725,0.4014257279586958,2.6,0,297.15,0,294.15,0,0.4389323065688275,0,302.4897138248077,20.98822595245406,-20.599999999999994,21.0,24.0,2,0,1,0.011774047545941357,2.2569882557683165,0.0,0.014626255463955308,2.2716145112322716
237600,0.25346340648849375,0.0,16.936238301830777,2486.3171818481146,922.9070881607723,566.4000000000001,259.20000000000005,294.1453863181098,27400,237600,0.0,0.0,0.0,171,0.6939429105929453,-1.830152253641254,0.4,0.6000000000000001,101325,0.61,-0.23746751214078743,-0.3989109980953333,14.118562816591504,237344.17492344705,1.808263838935684,234.31340730263972,247.04999999999998,252.04999999999998,251.45199191260798,1.1868238913561442,2.1,0,297.15,0,294.15,0,0.46087145830249965,0,302.9065577077475,20.99538631810981,-21.099999999999994,21.0,24.0,2,0,1,0.004613681890191401,2.4863171818481145,0.0,0.01693623830183078,2.5032534201499455
241200,0.08239440905690497,0.0,0.6457353135612496,818.3886327330318,718.862644489109,56.64000000000001,25.92,288.1255305020502,27400,241200,0.0,0.0,0.0,169,0.6939429105929453,-1.830152253641254,0.4,0.6000000000000001,101325,0.65,-0.4322449777569184,-0.3988435420291103,14.38028305071787,240943.08648231498,2.003041304551815,233.75562890794984,247.04999999999998,251.45,250.93782227267235,0.4014257279586958,2.6,0,303.15,0,288.15,0,0.14995952701731588,0,296.999231013329,14.97553050205022,-21.69999999999999,15.0,30.0,0,0,0,0.024469497949780816,0.8183886327330319,0.0,0.0006457353135612496,0.8190343680465931
244800,0.10946730061776856,0.0,1.4002474452748237,1199.6197210331097,593.7419470397793,56.64000000000001,25.92,288.13794923851015,27400,244800,0.0,0.0,0.0,171,0.6939429105929453,-1.830152253641254,0.5,0.7000000000000001,101325,0.65,-0.6322662373134298,-0.3987758713741492,14.642003326405254,244541.99861268804,2.2030625641083263,234.19786602141752,247.04999999999998,251.45,250.93782227267235,2.356194490192345,2.6,0,303.15,0,288.15,0,0.19910809101091623,0,297.93305372920736,14.987949238510168,-21.69999999999999,15.0,30.0,0,0,0,0.01205076148983153,1.1996197210331097,0.0,0.0014002474452748236,1.2010199684783844
248400,0.12618602610324772,0.0,2.106540379382094,1463.5920529261793,517.7181301657079,56.64000000000001,25.92,288.14055828253163,27400,248400,0.0,0.0,0.0,172,0.6939429105929453,-1.830152253641254,0.4,0.7000000000000001,101325,0.55,-0.8326417589494399,-0.39870798618326136,14.903723643780006,248140.91131630348,2.4034380857443365,234.62455313116857,246.45,252.54999999999998,251.83264930686803,2.7576202181510405,4.1,0,303.15,0,288.15,0,0.22949010833655326,0,298.5103120583945,14.990558282531651,-20.599999999999994,15.0,30.0,0,0,0,0.009441717468348543,1.4635920529261794,0.0,0.002106540379382094,1.4656985933055615
252000,0.13965039162031537,0.0,2.8385160093025146,1691.7927577661853,471.5258358534229,56.64000000000001,25.92,288.1426371517084,27400,252000,0.0,0.0,0.0,172,0.6939429105929453,-1.830152253641254,0.4,0.7000000000000001,101325,0.58,-1.025526941823494,-0.39863988650941606,15.165444002968371,251739.82459489736,2.5963232686183906,234.77822263154795,247.04999999999998,252.54999999999998,251.88066741806725,3.543018381548489,3.6,0,303.15,0,288.15,0,0.25395709237836767,0,298.97518475518893,14.992637151708436,-20.599999999999994,15.0,30.0,0,0,0,0.0073628482915637505,1.6917927577661853,0.0,0.0028385160093025146,1.6946312737754878
255600,0.151506981221107,0.0,3.6182265061409127,1904.5147333914754,443.4592739715027,56.64000000000001,25.92,288.1434973157745,27400,255600,0.0,0.0,0.0,173,0.6939429105929453,-1.830152253641254,0.4,0.7000000000000001,101325,0.65,-1.1915563208918254,-0.3985715724057394,15.42716440409651,255338.7384502046,2.762352647686722,235.05820644650535,248.14999999999998,252.54999999999998,251.99260194058027,3.141592653589793,4.1,0,303.15,0,288.15,0,0.2755084822804019,0,299.3846611633276,14.993497315774505,-20.599999999999994,15.0,30.0,0,0,0,0.006502684225495159,1.9045147333914754,0.0,0.0036182265061409126,1.9081329598976162
259200,0.16310811151441032,0.0,4.5133411545450155,2123.398696926632,426.40595942736127,56.64000000000001,25.92,288.1432228251314,22900,259200,0.0,0.0,0.0,166,0.6939429105929453,-1.830152253641254,0.4,0.6000000000000001,101325,0.54,-1.2749139431155831,-0.3985030439255148,15.688884847290511,258937.65288395892,2.8457102699104797,232.72761892617729,244.84999999999997,250.95,250.30203313104568,0.7853981633974483,2.6,0,303.15,0,288.15,0,0.2966035076461854,0,299.7854666452775,14.993222825131397,-22.19999999999999,15.0,30.0,0,0,0,0.006777174868602742,2.123398696926632,0.0,0.004513341154545015,2.1279120380811767
262800,0.17509889240527393,0.0,5.583690666176808,2360.4062002874425,416.0443921229061,56.64000000000001,25.92,288.14340801078544,77777,262800,0.0,0.0,0.0,159,0.6939429105929453,-1.830152253641254,0.2,0.30000000000000004,101325,0.45,-1.2108033456073004,-0.39843430112218275,15.950605332676362,262536.5678978928,2.781599672402197,229.95887237453607,242.04999999999998,249.84999999999997,249.1394439016591,1.1868238913561442,3.1,0,303.15,0,288.15,0,0.3184031258879734,0,300.1996593918715,14.993408010785458,-23.30000000000001,15.0,30.0,0,0,0,0.006591989214541627,2.3604062002874424,0.0,0.005583690666176808,2.3659898909536192
266400,0.1836553061325949,0.0,6.4429030299886385,2535.896879440005,409.74858311574064,56.64000000000001,25.92,288.1451727842674,77777,266400,0.0,0.0,0.0,150,0.6939429105929453,-1.830152253641254,0.0,0.0,101325,0.42,-1.0519847675175873,-0.39836534404934065,16.212325860379977,266135.4834937377,2.622781094312484,226.65207802798753,240.34999999999997,248.74999999999997,248.06423451175854,3.543018381548489,2.6,0,303.15,0,288.15,0,0.33394977490388733,0,300.49504572317386,14.995172784267425,-24.400000000000006,15.0,30.0,0,0,0,0.004827215732575496,2.535896879440005,0.0,0.006442903029988638,2.542339782469994
270000,0.18717744864871724,0.0,6.820743589609537,2609.2563090678445,405.92324412983976,56.64000000000001,25.92,288.1478356268223,77777,270000,0.0,0.0,0.0,151,0.6939429105929453,-1.830152253641254,0.0,0.0,101325,0.32,-0.8612626742024645,-0.39829617276074264,16.47404643052717,269734.3996732237,2.432059000997361,227.23182855586964,238.74999999999997,249.84999999999997,248.97070860564463,3.141592653589793,2.1,0,303.15,0,288.15,0,0.34033804121535915,0,300.6164227830918,14.997835626822337,-23.30000000000001,15.0,30.0,0,0,0,0.0021643731776634922,2.6092563090678444,0.0,0.006820743589609537,2.616077052657454
273600,0.19439530549793624,0.0,7.640617735418949,2764.5375309727515,403.59896621693827,56.64000000000001,25.92,288.1456463360932,77777,273600,0.0,0.0,0.0,155,0.6939429105929453,-1.830152253641254,0.0,0.0,101325,0.5700000000000001,-0.6612940966625236,-0.39822678731029937,16.73576704324368,273333.31643807987,2.23209042345742,228.6630494805187,244.24999999999997,249.84999999999997,249.29493425662542,3.141592653589793,4.1,0,303.15,0,288.15,0,0.35347323261956587,0,300.8659914197717,14.995646336093216,-23.30000000000001,15.0,30.0,0,0,0,0.004353663906783822,2.7645375309727513,0.0,0.0076406177354189486,2.7721781487081705
277200,0.2001433344214339,0.0,8.338626979411577,2890.4086525294965,402.186733664129,56.64000000000001,25.92,288.14691877535716,77777,277200,0.0,0.0,0.0,153,0.6939429105929453,-1.830152253641254,0.0,0.0,101325,0.42,-0.4608019585247387,-0.3981571877520781,16.99748769865515,276932.2337900339,2.0315982853196353,227.94187116727866,241.45,249.84999999999997,249.1005314708009,3.543018381548489,4.6,0,303.15,0,288.15,0,0.3639165838885228,0,301.0644150938819,14.996918775357187,-23.30000000000001,15.0,30.0,0,0,0,0.0030812246428126855,2.8904086525294965,0.0,0.008338626979411578,2.898747279508908
280800,0.20432338739188458,0.0,8.872078864508728,2983.533680266443,401.32866042396716,56.64000000000001,25.92,288.14764090796217,77777,280800,0.0,0.0,0.0,152,0.6939429105929453,-1.830152253641254,0.0,0.0,101325,0.38,-0.2648741750316761,-0.3980873741403024,17.25920839688715,280531.15173081245,1.8356705018265727,227.65435857404094,240.34999999999997,249.84999999999997,249.04862349415362,3.141592653589793,3.6,0,303.15,0,288.15,0,0.3715123812268555,0,301.20873524331023,14.997640907962193,-23.30000000000001,15.0,30.0,0,0,0,0.0023590920378069313,2.9835336802664427,0.0,0.008872078864508727,2.9924057591309516
284400,0.20889519347635263,0.0,9.481051282059044,3087.03578019781,400.8072947013228,56.64000000000001,25.92,288.1480228464989,77777,284400,6.4273255813953485,13.315298507462694,0.0,153,0.6939429105929453,-1.830152253641254,0.0,0.0,101325,0.42,-0.07803381377867957,-0.39801734652935206,17.520929138065146,284130.0702621408,1.6488301405735761,227.94187116727866,241.45,249.84999999999997,249.1005314708009,3.141592653589793,4.1,0,303.15,0,288.15,0,0.3798210785094198,0,301.366600491679,14.998022846498941,-23.30000000000001,15.0,30.0,0,0,0,0.0019771535010590924,3.0870357801978097,0.0,0.009481051282059044,3.096516831479869
288000,0.19934753590584323,0.0,8.239555229570216,2867.8997318351494,400.4905125980485,56.64000000000001,25.92,288.1662311466752,77777,288000,60.94767441860465,205.06401183736494,78.3243396226415,154,0.6939429105929453,-1.830152253641254,0.0,0.0,101325,0.6,0.0944554970965461,-0.39794710497376307,17.78264992231453,287728.98938574333,1.4763408296983505,228.11392868929073,244.24999999999997,249.24999999999997,248.75804041850918,3.141592653589793,1.5,0,303.15,0,288.15,0,0.3623445818191616,0,301.03454705456403,15.016231146675239,-23.900000000000006,21.0,24.0,2,0,1,5.9837688533247615,2.8678997318351493,0.0,0.008239555229570216,2.8761392870647198
291600,0.32728216396263005,0.0,36.46180530971144,4127.749552556546,605.7751680598699,566.4000000000001,259.20000000000005,294.1772797774303,77777,291600,116.55,460.97033468559835,192.95606360316492,157,0.6939429105929453,-1.830152253641254,0.0,0.0,101325,0.61,0.2457566925301935,-0.39787664952822727,18.044370749760596,291327.9091033428,1.325039634264703,229.40043077729527,245.34999999999997,250.34999999999997,249.8262926720248,0.7853981633974483,2.1,0,297.15,0,294.15,0,0.5948849214514061,0,305.4528135075767,21.027279777430294,-22.80000000000001,21.0,24.0,2,1,1,0.0,4.127749552556546,0.0,0.03646180530971144,4.164211357866257
295200,0.27707766476011686,0.0,22.124614375775685,2954.215773282631,731.6376985916219,566.4000000000001,259.20000000000005,294.18832921280136,77777,295200,104.19390243902438,758.8634697236723,338.33825223637837,164,0.6939429105929453,-1.830152253641254,0.0,0.0,101325,0.44,0.3670097220467281,-0.39780598024759223,18.306091620528555,294926.8294166611,1.2037866047481685,231.83781419576877,244.84999999999997,253.14999999999998,252.2146425806414,1.9722220547535925,2.6,0,297.15,0,294.15,0,0.5035280264583875,0,303.71703250270934,21.038329212801386,-20.0,21.0,24.0,2,1,1,0.0,2.954215773282631,0.0,0.022124614375775686,2.9763403876584067
298800,0.21102595071915708,0.0,9.774144388555769,1713.3026246982179,808.112029628981,566.4000000000001,259.20000000000005,294.18179288914166,77777,298800,79.4435975609756,957.5124789134478,466.6168090186894,176,0.6939429105929453,-1.830152253641254,0.0,0.0,101325,0.53,0.44787768625250046,-0.39773509718686123,18.56781253474353,298525.7503274188,1.122918640542396,236.13862404893797,249.84999999999997,256.45,255.45116587233898,3.543018381548489,2.6,0,297.15,0,294.15,0,0.38347925456426013,0,301.4361058367209,21.031792889141684,-16.69999999999999,21.0,24.0,2,1,1,0.0,1.713302624698218,0.0,0.00977414438855577,1.7230767690867737
302400,0.1662018000288673,0.0,4.775054391368195,1061.230188823849,854.5779739976934,566.4000000000001,259.20000000000005,294.1831637195569,77777,302400,55.38068181818181,965.4698086313044,492.1564402810304,178,0.6939429105929453,-1.830152253641254,0.0,0.0,101325,0.53,0.4790293285993761,-0.39766400040119326,18.829533492530555,302124.6718373351,1.0917669981955205,236.8167256684613,250.34999999999997,257.04999999999995,256.00792723425565,6.283185307179586,4.6,0,297.15,0,294.15,0,0.3019668710613882,0,299.88737055016634,21.03316371955691,-16.100000000000023,21.0,24.0,2,1,1,0.0,1.061230188823849,0.0,0.004775054391368195,1.0660052432152172
306000,0.09177343424414276,0.0,0.8600987980818872,319.6452002350981,882.8107998583927,566.4000000000001,259.20000000000005,294.2024254754645,77777,306000,31.12918660287081,954.5441810344828,466.992734413353,183,0.6939429105929453,-1.830152253641254,0.0,0.0,101325,0.56,0.4561794781836839,-0.3975926899459024,19.091254494014574,305723.5939481282,1.1146168486112127,238.2557262323424,252.04999999999998,258.15,257.09755157250873,0.7853981633974483,3.1,0,297.15,0,294.15,0,0.16652127984827356,0,297.3139043171172,21.05242547546453,-15.0,21.0,24.0,2,1,1,0.0,0.3196452002350981,0.0,0.0008600987980818871,0.32050529903318004
309600,-4.7908379721648096e-24,0.0,1.4770982917469962e-45,2.968800606518627e-21,899.9827605645711,566.4000000000001,259.20000000000005,294.63000913855626,77777,309600,7.695488721804512,904.3344076980568,381.2677746178457,192,0.6939429105929453,-1.830152253641254,0.0,0.0,101325,0.39,0.38251318242657417,-0.3975211658764584,19.352975539320443,309322.5166615151,1.1882831443683224,241.14988216145971,251.45,261.45,259.6251804063185,0.7853981633974483,4.6,0,297.15,0,294.15,0,0.0,0,294.15,21.480009138556284,-11.699999999999989,21.0,24.0,2,1,1,0.0,2.9688006065186267e-24,0.0,1.477098291746996e-48,2.9688006065186267e-24
313200,-3.21559241474702e-73,0.0,6.654392610132327e-144,4.619083207922527e-70,910.4272411121844,566.4000000000001,259.20000000000005,295.1676876320771,77777,313200,0.0,788.2463214686098,248.11462324393358,190,0.6939429105929453,-1.830152253641254,0.0,0.0,101325,0.51,0.2668505439623412,-0.39744942824848584,19.614696628572933,312921.4399792113,1.3039457828325554,240.5611578842696,253.14999999999998,260.34999999999997,258.989705486621,0.7853981633974483,2.1,0,297.15,0,294.15,0,0.0,0,294.15,22.017687632077127,-12.800000000000011,21.0,24.0,2,1,1,0.0,4.619083207922527e-73,0.0,6.654392610132328e-147,4.619083207922527e-73
316800,4.5537270359416157e-125,1.3029860290346464e-122,1.3345056534193615e-247,0.0,916.7621554683071,566.4000000000001,259.20000000000005,294.57093404579535,77777,316800,6.066361556064074,396.04950998520707,96.91296296296298,185,0.6939429105929453,-1.830152253641254,0.0,0.0,101325,0.59,0.11959336114141061,-0.39737747711776417,19.876417761896715,316520.36390293133,1.451202965653486,239.0827716633561,253.14999999999998,258.75,257.7289213620617,6.283185307179586,5.1,0,297.15,0,294.15,0,0.0,0,294.15,21.420934045795377,-14.399999999999977,21.0,24.0,2,1,1,0.0,0.0,1.3029860290346464e-125,1.3345056534193615e-250,1.3029860290346464e-125
320400,0.1265331050892855,0.0,2.1234862459621056,627.1157469394137,920.5377083142129,566.4000000000001,259.20000000000005,294.101197633827,77777,320400,5.440217391304347,30.63017751479289,0.0,177,0.6939429105929453,-1.830152253641254,0.0,0.0,101325,0.56,-0.050091720608895995,-0.39730531254022805,20.138138939416372,320119.2884343883,1.6208880474037926,236.26395369646724,250.34999999999997,256.45,255.51535268510142,0.4014257279586958,4.6,0,297.15,0,294.15,0,0.23036228797836641,0,298.5268834715889,20.951197633827007,-16.69999999999999,21.0,24.0,2,0,1,0.048802366172992606,0.6271157469394137,0.0,0.0021234862459621057,0.6292392331853759
324000,0.1786857826050052,0.0,5.933913557059585,1239.4920732295736,922.8880741230653,566.4000000000001,259.20000000000005,294.13051118914785,77777,324000,0.0,0.0,0.0,165,0.6939429105929453,-1.830152253641254,0.0,0.0,101325,0.55,-0.23506404062234565,-0.3972329345719667,20.399860161256413,323718.2135752943,1.8058603674172422,232.39885554483286,247.04999999999998,253.14999999999998,252.39923351996137,6.283185307179586,3.1,0,297.15,0,294.15,0,0.325003442646671,0,300.32506541028675,20.980511189147876,-20.0,21.0,24.0,2,0,1,0.01948881085212406,1.2394920732295736,0.0,0.005933913557059585,1.245425986786633
327600,1.5613044692203519e-52,0.0,1.5687785268081093e-102,1.1628124597841674e-48,718.2831468860282,56.64000000000001,25.92,289.2095388504306,77777,327600,0.0,0.0,0.0,166,0.6939429105929453,-1.830152253641254,0.0,0.0,101325,0.61,-0.4298562087281592,-0.3971603432692237,20.66158142754124,327317.1393273599,2.0006525355230558,232.67600185524378,248.14999999999998,253.14999999999998,252.49974309074486,2.356194490192345,2.1,0,303.15,0,288.15,0,0.0,0,294.15,16.059538850430613,-20.0,15.0,30.0,0,1,0,0.0,1.1628124597841674e-51,0.0,1.5687785268081094e-105,1.1628124597841674e-51
331200,0.0052957611003184475,0.0,0.0018085764862531264,43.194398716208454,593.640566506152,56.64000000000001,25.92,288.10167336248713,77777,331200,0.0,0.0,0.0,168,0.6939429105929453,-1.830152253641254,0.0,0.0,101325,0.61,-0.6298845507327844,-0.3970875386883973,20.923302738395176,330916.0656922948,2.200680877527681,233.37807059580064,248.74999999999997,253.74999999999997,253.06981558390837,3.141592653589793,2.6,0,303.15,0,288.15,0,0.01004592912701917,0,294.3408726534133,14.951673362487156,-19.400000000000006,15.0,30.0,0,0,0,0.04832663751284372,0.043194398716208456,0.0,1.8085764862531264e-06,0.04319620729269471
334800,0.06263944557812584,0.0,0.3235485342018768,573.8132278496465,518.0024277121157,56.64000000000001,25.92,288.12774805034064,77777,334800,0.0,0.0,0.0,174,0.6939429105929453,-1.830152253641254,0.4,0.4,101325,0.55,-0.8302493862611628,-0.39701452088604,21.185024093942435,334514.992671807,2.4010457130560594,235.33600102623782,247.04999999999998,253.14999999999998,252.39923351996137,3.543018381548489,4.1,0,303.15,0,288.15,0,0.11402818157877621,0,296.3165354499967,14.977748050340665,-20.0,15.0,30.0,0,0,0,0.02225194965933497,0.5738132278496465,0.0,0.0003235485342018768,0.5741367763838484
338400,0.08904762631919891,0.0,0.7931376185575251,905.3041000636199,471.69869589635186,56.64000000000001,25.92,288.1375953675361,77777,338400,0.0,0.0,0.0,176,0.6939429105929453,-1.830152253641254,0.4,0.4,101325,0.58,-1.0231043743036596,-0.39694128991885835,21.446745494307166,338113.92026760365,2.593900701098556,236.1750935885992,248.14999999999998,253.74999999999997,253.0172469187452,3.543018381548489,5.1,0,303.15,0,288.15,0,0.16198316357277842,0,297.22768010788275,14.98759536753613,-19.400000000000006,15.0,30.0,0,0,0,0.012404632463869802,0.9053041000636199,0.0,0.000793137618557525,0.9060972376821774
342000,0.1034869704786168,0.0,1.1959091369651602,1109.0569388456004,443.56433912100744,56.64000000000001,25.92,288.14276375766707,77777,342000,0.0,0.0,0.0,176,0.6939429105929453,-1.830152253641254,0.30000000000000004,0.30000000000000004,101325,0.55,-1.1891640048351233,-0.39686784584371304,21.708466939613402,341712.8484813904,2.75996033163002,236.1743678081651,248.14999999999998,254.24999999999997,253.43490691101104,3.9269908169872414,2.6,0,303.15,0,288.15,0,0.18820537036091323,0,297.72590203685735,14.992763757667092,-18.900000000000006,15.0,30.0,0,0,0,0.007236242332908205,1.1090569388456004,0.0,0.0011959091369651601,1.1102528479825655
345600,0.11831582371921041,0.0,1.7479423906688436,1335.9680618443929,426.4698138071489,56.64000000000001,25.92,288.14086560168454,77777,345600,0.0,0.0,0.0,171,0.6939429105929453,-1.830152253641254,0.0,0.0,101325,0.76,-1.2731161693933135,-0.39679418871761857,21.97018842998511,345311.7773148718,2.84391249618821,234.50892155116134,251.45,254.24999999999997,253.81637282808342,3.141592653589793,2.6,0,303.15,0,288.15,0,0.21517776195163713,0,298.2383774770811,14.990865601684561,-18.900000000000006,15.0,30.0,0,0,0,0.00913439831543883,1.335968061844393,0.0,0.0017479423906688436,1.3377160042350618
349200,0.1306320965817916,0.0,2.331116895257491,1536.7724290254394,416.0831657471183,56.64000000000001,25.92,288.1435340735647,77777,349200,0.0,0.0,0.0,174,0.6939429105929453,-1.830152253641254,0.0,0.0,101325,0.66,-1.2102464004525046,-0.39672031859774304,22.231909965546137,348910.706769751,2.781042727247401,235.39969954297146,250.95,255.34999999999997,254.68347656182684,3.543018381548489,4.6,0,303.15,0,288.15,0,0.23755442887312408,0,298.66353414858935,14.993534073564717,-17.80000000000001,15.0,30.0,0,0,0,0.006465926435282654,1.5367724290254394,0.0,0.002331116895257491,1.539103545920697
352800,0.14058412914586174,0.0,2.895173613888062,1707.7559195102788,409.7721442833053,56.64000000000001,25.92,288.1443503902951,77777,352800,0.0,0.0,0.0,172,0.6939429105929453,-1.830152253641254,0.0,0.0,101325,0.65,-1.0521402207055837,-0.3966462355414082,22.493631546420257,352509.6368477299,2.62293654750048,234.78989510448304,250.34999999999997,254.84999999999997,254.18826996584377,3.141592653589793,2.6,0,303.15,0,288.15,0,0.25564433058769287,0,299.00724228116616,14.994350390295097,-18.30000000000001,15.0,30.0,0,0,0,0.005649609704903469,1.7077559195102787,0.0,0.002895173613888062,1.7106510931241667
356400,0.14758287583882046,0.0,3.345469301738349,1831.6930380013732,405.9375619339471,56.64000000000001,25.92,288.1495151387807,77777,356400,0.0,0.0,0.0,178,0.6939429105929453,-1.830152253641254,0.0,0.0,101325,0.53,-0.8616856688636823,-0.39657193960608955,22.75535317273115,356108.56755050935,2.432481995658579,236.8167256684613,250.34999999999997,257.04999999999995,256.00792723425565,3.141592653589793,6.7,0,303.15,0,288.15,0,0.2683338951110829,0,299.2483440071106,14.999515138780737,-16.100000000000023,15.0,30.0,0,0,0,0.0004848612192631663,1.8316930380013732,0.0,0.003345469301738349,1.8350385073031115
360000,0.11268126549756774,0.0,1.5200604359656857,1244.3899027839586,403.6076648976929,56.64000000000001,25.92,288.1656136208128,77777,360000,0.0,0.0,0.0,224,0.6939429105929453,-1.830152253641254,0.0,0.0,101325,0.15,-0.6617822034048073,-0.39649743084941536,23.017074844602405,359707.4988797887,2.232578530199704,250.7949412988658,250.95,272.04999999999995,267.27935940462106,3.141592653589793,5.1,0,303.15,0,288.15,0,0.2047933664997601,0,298.0410739634954,15.015613620812815,-1.1000000000000227,15.0,30.0,0,1,0,0.0,1.2443899027839587,0.0,0.0015200604359656858,1.2459099632199244
363600,0.13934678873223258,0.0,2.8202646790525656,1687.1609762780372,402.1920209707328,56.64000000000001,25.92,288.1378797314314,77777,363600,0.0,0.0,0.0,191,0.6939429105929453,-1.830152253641254,0.0,0.1,101325,0.35000000000000003,-0.4612466388163061,-0.3964227093291675,23.2787965621575,363306.43083726603,2.0320429656112027,240.87038679641788,250.34999999999997,261.45,259.5034707638184,3.9269908169872414,6.2,0,303.15,0,288.15,0,0.25341938578046413,0,298.9649683298288,14.987879731431406,-11.699999999999989,15.0,30.0,0,0,0,0.012120268568594383,1.6871609762780373,0.0,0.0028202646790525658,1.6899812409570898
367200,0.14049289283525052,0.0,2.8896026687722443,1705.3777017616235,401.3318734647686,56.64000000000001,25.92,288.14883895300903,77777,367200,0.0,0.0,0.0,203,0.6939429105929453,-1.830152253641254,0.1,0.2,101325,0.36,-0.2651992852053797,-0.39634777510328056,23.540518325519855,366905.3634246383,1.8359956120002763,244.71057335380402,252.54999999999998,263.75,261.53407417426484,3.543018381548489,5.1,0,303.15,0,288.15,0,0.2554522937378758,0,299.00359358101963,14.998838953009056,-9.399999999999977,15.0,30.0,0,0,0,0.0011610469909442145,1.7053777017616234,0.0,0.0028896026687722444,1.7082673044303955
370800,0.14906653131557482,0.0,3.446853453360921,1858.686641338164,400.8092472955935,56.64000000000001,25.92,288.149728240753,77777,370800,6.660550458715597,13.119827586206892,0.0,202,0.6939429105929453,-1.830152253641254,0.2,0.7000000000000001,101325,0.46,-0.07817149855566141,-0.39627262822984216,23.802240134812763,370504.29664360103,1.648967825350558,244.2589258957193,253.74999999999997,262.04999999999995,260.3743992280314,3.543018381548489,6.2,0,303.15,0,288.15,0,0.2710254173400815,0,299.29948292946153,14.99972824075303,-11.100000000000023,15.0,30.0,0,0,0,0.0002717592469707597,1.858686641338164,0.0,0.003446853453360921,1.862133494791525
374400,0.1237128057043742,0.0,1.9886032944480119,1415.9852238802127,400.49169903281296,56.64000000000001,25.92,288.1848754105746,77777,374400,66.56963246811367,318.8917429752498,90.35241019061583,220,0.6939429105929453,-1.830152253641254,0.2,0.7000000000000001,101325,0.32,0.09457532572066407,-0.39619726876709255,24.06396199015944,374103.2304958486,1.4762210010742325,249.66701391653714,254.84999999999997,267.54999999999995,264.59527791177396,3.141592653589793,7.7,0,303.15,0,288.15,0,0.22470060206454967,0,298.4193114392264,15.034875410574614,-5.600000000000023,21.0,24.0,2,0,1,5.965124589425386,1.4159852238802126,0.0,0.001988603294448012,1.4179738271746607
378000,0.23207105034470296,0.0,12.999723709398596,2068.141838154959,605.7759699234451,566.4000000000001,259.20000000000005,294.1966604392506,77777,378000,110.76574098621421,737.1455964814327,234.8410720938897,237,0.6939429105929453,-1.830152253641254,0.30000000000000004,0.7000000000000001,101325,0.25,0.24620879161803888,-0.3961216967734247,24.325683891683013,377702.16498307395,1.3245875351768577,254.21463449770442,255.95,271.45,267.39884823139926,3.543018381548489,7.7,0,297.15,0,294.15,0,0.42165038577794783,0,302.16135732978097,21.046660439250616,-1.6999999999999886,21.0,24.0,2,1,1,0.0,2.068141838154959,0.0,0.012999723709398597,2.0811415618643574
381600,0.16095697542664522,0.0,4.337144392513646,993.7175476701275,731.638221226757,566.4000000000001,259.20000000000005,294.1893675290071,77777,381600,94.27981138107417,822.6131928055954,353.4119930974978,256,0.6939429105929453,-1.830152253641254,0.30000000000000004,0.7000000000000001,101325,0.31,0.36786543795092586,-0.39604591230738384,24.5874058395065,381301.1001069689,1.2029308888439707,259.27566361509736,261.45,275.34999999999997,270.8382434525226,3.543018381548489,7.7,0,297.15,0,294.15,0,0.2923817734866582,0,299.7052536962465,21.03936752900711,2.1999999999999886,21.0,24.0,2,1,1,0.0,0.9937175476701274,0.0,0.004337144392513646,0.9980546920626411
385200,0.08740703449645283,0.0,0.7547220812301358,289.25096369847876,808.1124267799601,566.4000000000001,259.20000000000005,294.20540351016894,88888,385200,76.34926470588235,807.4832372738173,397.00735950044606,273,0.6939429105929453,-1.830152253641254,0.5,0.7000000000000001,101325,0.38,0.4491817621486405,-0.3959699154276677,24.849127833752835,384900.0358692239,1.121614564646256,263.3375503231002,265.34999999999997,277.54999999999995,273.0917202221964,3.543018381548489,9.3,0,297.15,0,294.15,0,0.15854460037782891,0,297.16234740717874,21.055403510168958,4.399999999999977,21.0,24.0,2,1,1,0.0,0.28925096369847875,0.0,0.0007547220812301359,0.29000568577970887
388800,4.89582460803635e-10,2.1678220377424056e-07,1.5425472123585288e-17,0.0,854.6439680322396,566.4000000000001,259.20000000000005,295.1869595935835,88888,388800,52.857142857142854,827.4680695443645,424.67672689478735,282,0.6939429105929453,-1.830152253641254,0.6000000000000001,0.7000000000000001,101325,0.22,0.4807680266883947,-0.3958937061931259,25.110849874544858,388498.972271528,1.0900283001065019,265.5897638644803,261.45,280.34999999999997,273.8882004943084,3.543018381548489,6.7,0,297.15,0,294.15,0,0.0,0,294.15,22.036959593583504,7.199999999999989,21.0,24.0,2,1,1,0.0,0.0,2.1678220377424055e-10,1.542547212358529e-20,2.1678220378966602e-10
392400,-1.0351140888064808e-54,0.0,6.895459356413004e-107,3.979740815215708e-51,882.927947617325,566.4000000000001,259.20000000000005,297.0731014901102,88888,392400,25.830357142857142,867.3693527508091,428.40143992055613,286,0.6939429105929453,-1.830152253641254,0.5,0.6000000000000001,101325,0.2,0.4582693791406478,-0.39581728466276034,25.37257196200532,392097.9093155691,1.1125269476542488,266.6121142916639,261.45,282.04999999999995,274.9082573778412,3.543018381548489,6.7,0,297.15,0,294.15,0,0.0,0,294.15,23.92310149011024,8.899999999999977,21.0,24.0,2,1,1,0.0,3.979740815215708e-54,0.0,6.895459356413003e-110,3.979740815215708e-54
396000,0.16753664816464472,208.40347917338002,4.891037795207658,0.0,899.9250208398961,566.4000000000001,259.20000000000005,297.1917354404746,77777,396000,7.562499999999998,845.3794994504487,359.89473684210526,292,0.6939429105929453,-1.830152253641254,0.4,0.5,101325,0.18,0.3848330760909191,-0.3957406508957246,25.634294096256856,395696.8470030338,1.1859632507039775,267.86799443763937,262.04999999999995,283.75,275.8786833675178,3.141592653589793,5.7,0,297.15,0,294.15,0,0.3048716399534863,0,293.49154032055816,24.04173544047461,10.600000000000023,21.0,24.0,2,0,1,0.04173544047461064,0.0,0.20840347917338,0.0048910377952076575,0.21329451696858767
399600,0.1891348341786862,262.4970877723178,7.036976821425154,0.0,910.363902572587,566.4000000000001,259.20000000000005,297.15035436010675,77777,399600,0.0,756.8672294764464,238.98536281532233,274,0.6939429105929453,-1.830152253641254,0.2,0.30000000000000004,101325,0.39,0.2692892032702727,-0.39566380495132397,25.896016277422035,399295.7853356073,1.3015071235246238,263.69941942539884,267.04999999999995,279.25,274.529363483579,5.899212871740834,4.6,0,297.15,0,294.15,0,0.34388610928691116,0,293.023366688557,24.00035436010677,6.100000000000023,21.0,24.0,2,0,1,0.00035436010676903607,0.0,0.2624970877723178,0.007036976821425154,0.26953406459374296
403200,0.17375467134482295,219.58273416489843,5.456083641196772,0.0,916.7065976905948,566.4000000000001,259.20000000000005,297.11875498957795,77777,403200,7.560344827586205,354.2310149818552,93.71115670929565,272,0.6939429105929453,-1.830152253641254,0.2,0.30000000000000004,101325,0.4,0.12207414094998881,-0.3955867468890155,26.157738505623303,402894.7243149735,1.4487221858449078,263.22726290001765,267.04999999999995,278.75,274.21104252552533,5.497787143782138,3.1,0,297.15,0,294.15,0,0.3157034189727215,0,293.3615589723273,23.968754989577974,5.600000000000023,21.0,24.0,2,1,1,0.0,0.0,0.21958273416489843,0.0054560836411967715,0.2250388178060952
406800,0.08415597781978948,50.065074620836555,0.6826316414971295,0.0,920.5604430247585,566.4000000000001,259.20000000000005,297.0871190829608,77777,406800,6.939655172413794,21.43123667377398,0.0,265,0.6939429105929453,-1.830152253641254,0.30000000000000004,0.5,101325,0.45,-0.04761154465397843,-0.39550947676840753,26.419460780983034,406493.6639428151,1.618407871448875,261.55244124269103,266.45,276.45,272.7133106174724,0.4014257279586958,2.6,0,297.15,0,294.15,0,0.15259862867705615,0,295.3188164558753,23.937119082960805,3.3000000000000114,21.0,24.0,2,1,1,0.0,0.0,0.05006507462083656,0.0006826316414971296,0.050747706262333686
410400,4.0942450363389236e-27,0.0,1.078783824324964e-51,4.218112501407532e-24,922.9053870862241,566.4000000000001,259.20000000000005,296.44842303914726,77777,410400,0.0,0.0,0.0,245,0.6939429105929453,-1.830152253641254,0.30000000000000004,0.5,101325,0.44,-0.23260268561630815,-0.39543199464925954,26.681183103623486,410092.6042208133,1.8033990124112047,256.4404831791898,262.54999999999995,272.04999999999995,268.9697455782693,4.71238898038469,2.1,0,297.15,0,294.15,0,0.0,0,297.15,23.29842303914728,-1.1000000000000227,21.0,24.0,2,1,1,0.0,4.218112501407532e-27,0.0,1.078783824324964e-54,4.218112501407532e-27
414000,-1.2707696112666942e-58,8.125764209006801e-56,1.0392508895881747e-114,0.0,718.2924915963636,56.64000000000001,25.92,294.2531333748634,77777,414000,0.0,0.0,0.0,247,0.6939429105929453,-1.830152253641254,0.30000000000000004,0.5,101325,0.54,-0.42741532025150164,-0.3953543005914824,26.942905473666844,413691.5451506482,1.9982116470463982,257.00315147755003,264.84999999999997,272.04999999999995,269.5373181586465,3.141592653589793,5.7,0,303.15,0,288.15,0,0.0,0,294.15,21.103133374863432,-1.1000000000000227,15.0,30.0,0,1,0,0.0,0.0,8.1257642090068e-59,1.0392508895881747e-117,8.1257642090068e-59
417600,-3.422262664641799e-92,4.362856337551629e-89,7.537259054897624e-182,0.0,593.0547168295003,56.64000000000001,25.92,293.4207837282787,77777,417600,0.0,0.0,0.0,246,0.6939429105929453,-1.830152253641254,0.30000000000000004,0.4,101325,0.47000000000000003,-0.6274531824756835,-0.3952763946551378,27.204627891235177,417290.48673399846,2.19824950927058,256.5880978667228,263.15,272.04999999999995,269.140833555405,3.543018381548489,6.7,0,303.15,0,288.15,0,0.0,0,294.15,20.27078372827873,-1.1000000000000227,15.0,30.0,0,1,0,0.0,0.0,4.362856337551629e-92,7.537259054897623e-185,4.362856337551629e-92
421200,7.217816916899873e-125,0.0,3.3527292788437125e-247,4.399532862347402e-121,517.0939455819212,56.64000000000001,25.92,292.5126504934855,77777,421200,0.0,0.0,0.0,232,0.6939429105929453,-1.830152253641254,0.1,0.1,101325,0.56,-0.8278050861988446,-0.39519827690043824,27.466350356450466,420889.4289725414,2.398601412993741,253.03161271811928,263.15,269.84999999999997,267.7074229219192,4.71238898038469,5.1,0,303.15,0,288.15,0,0.0,0,294.15,19.362650493485546,-3.3000000000000114,15.0,30.0,0,1,0,0.0,4.399532862347402e-124,0.0,3.3527292788437125e-250,4.399532862347402e-124
424800,1.979119663907891e-158,0.0,2.520756357e-314,1.4390702004061895e-154,471.02127478217,56.64000000000001,25.92,291.8854965884284,77777,424800,0.0,0.0,0.0,240,0.6939429105929453,-1.830152253641254,0.2,0.2,101325,0.54,-1.020619709692363,-0.3951199473877471,27.728072869434595,424488.37186795304,2.5914160364872596,255.06851714012745,263.75,270.95,268.57439110624045,5.113814708343385,5.1,0,303.15,0,288.15,0,0.0,0,294.15,18.73549658842842,-2.1999999999999886,15.0,30.0,0,1,0,0.0,1.4390702004061895e-157,0.0,2.5207565e-317,1.4390702004061895e-157
428400,-1.493950838923831e-191,3.73863566144995e-188,0.0,0.0,443.07670602965175,56.64000000000001,25.92,291.18944133435144,77777,428400,0.0,0.0,0.0,237,0.6939429105929453,-1.830152253641254,0.2,0.2,101325,0.54,-1.186684294582499,-0.3950414061775781,27.989795430309346,428087.31542190805,2.7574806213773955,254.3579384275864,263.15,270.34999999999997,268.0474661674926,3.9269908169872414,7.2,0,303.15,0,288.15,0,0.0,0,294.15,18.039441334351466,-2.8000000000000114,15.0,30.0,0,1,0,0.0,0.0,3.7386356614499503e-191,0.0,3.7386356614499503e-191
432000,-6.23784296687868e-225,1.728467104411739e-221,0.0,0.0,426.1274189748972,56.64000000000001,25.92,290.6647670860726,77777,432000,0.0,0.0,0.0,238,0.6939429105929453,-1.830152253641254,0.2,0.2,101325,0.46,-1.2711897282004645,-0.39496265333059555,28.251518039196416,431686.2596360798,2.841986054995361,254.65312578785122,262.04999999999995,270.95,268.14701207736977,3.543018381548489,3.6,0,303.15,0,288.15,0,0.0,0,294.15,17.514767086072595,-2.1999999999999886,15.0,30.0,0,1,0,0.0,0.0,1.728467104411739e-224,0.0,1.728467104411739e-224
435600,-3.5165517627382227e-301,1.0759064414152716e-297,0.0,0.0,415.84714713921323,56.64000000000001,25.92,290.03686976041524,77777,435600,0.0,0.0,0.0,235,0.6939429105929453,-1.830152253641254,0.2,0.30000000000000004,101325,0.51,-1.2095593461799776,-0.3948836889076137,28.513240696217398,435285.2045121403,2.780355672974874,253.61928766876414,262.04999999999995,269.84999999999997,267.4570079943117,3.543018381548489,2.6,0,303.15,0,288.15,0,0.0,0,294.15,16.886869760415266,-3.3000000000000114,15.0,30.0,0,1,0,0.0,0.0,1.0759064414152716e-300,0.0,1.0759064414152716e-300
439200,0.0,0.0,0.0,0.0,409.6117806870884,56.64000000000001,25.92,289.43046045058884,77777,439200,0.0,0.0,0.0,233,0.6939429105929453,-1.830152253641254,0.2,0.2,101325,0.44,-1.0521881218511253,-0.3948045129695972,28.774963401493782,438884.15005176025,2.622984448646022,253.20083569875086,260.34999999999997,269.84999999999997,267.1040138024313,3.543018381548489,3.1,0,303.15,0,288.15,0,0.0,0,294.15,16.280460450588862,-3.3000000000000114,15.0,30.0,0,1,0,0.0,0.0,0.0,0.0,0.0
442800,0.0,0.0,0.0,0.0,405.82983972857124,56.64000000000001,25.92,289.1625480662396,77777,442800,0.0,0.0,0.0,241,0.6939429105929453,-1.830152253641254,0.1,0.1,101325,0.33,-0.8620140020217102,-0.39472512557766043,29.036686155146967,442483.09625660896,2.4328103288166067,255.43320689249893,260.34999999999997,273.15,269.22288718581905,3.543018381548489,4.6,0,303.15,0,288.15,0,0.0,0,294.15,16.012548066239617,0.0,15.0,30.0,0,1,0,0.0,0.0,0.0,0.0,0.0
446400,0.0,0.0,0.0,0.0,403.53597656534936,56.64000000000001,25.92,288.91166248017066,77777,446400,0.0,0.0,0.0,245,0.6939429105929453,-1.830152253641254,0.1,0.1,101325,0.31,-0.6621805267899883,-0.3946455267930678,29.298408957298253,446082.0431283545,2.232976853584885,256.4618597483721,260.34999999999997,274.25,269.9721308619743,3.543018381548489,3.1,0,303.15,0,288.15,0,0.0,0,294.15,15.761662480170685,1.1000000000000227,15.0,30.0,0,1,0,0.0,0.0,0.0,0.0,0.0
450000,0.001286928659636967,0.0,0.00010659787386903353,16.167074949024652,402.24378223328887,56.64000000000001,25.92,288.13309025453566,77777,450000,0.0,0.0,0.0,232,0.6939429105929453,-1.830152253641254,0.1,0.1,101325,0.44,-0.46160172693463375,-0.39456571667723317,29.560131808068846,449680.99066866335,2.0323980537295303,252.96282898578232,260.95,270.34999999999997,267.5298914125628,3.543018381548489,3.6,0,303.15,0,288.15,0,0.002579498584537197,0,294.19901047310617,14.983090254535682,-2.8000000000000114,15.0,30.0,0,0,0,0.016909745464317893,0.01616707494902465,0.0,1.0659787386903353e-07,0.01616718154689852
453600,0.02829212799108499,0.0,0.054527376174488044,221.3209031500794,402.44200799672063,56.64000000000001,25.92,288.13808297049883,77777,453600,0.0,0.0,0.0,235,0.6939429105929453,-1.830152253641254,0.1,0.1,101325,0.44,-0.26543203445323926,-0.3944856952917199,29.821854707579835,453279.9388792009,1.8362283612481358,253.64739893409376,261.45,270.95,268.039497054991,3.543018381548489,7.2,0,303.15,0,288.15,0,0.05151800737079,0,295.128842140045,14.988082970498851,-2.1999999999999886,15.0,30.0,0,0,0,0.01191702950114859,0.2213209031500794,0.0,5.4527376174488045e-05,0.22137543052625389
457200,0.04632828023241123,0.0,0.15961979245909527,394.5140060043546,401.48378012834496,56.64000000000001,25.92,288.1418157629383,77777,457200,7.3965517241379315,18.10629562043795,1.3469387755102067,232,0.6939429105929453,-1.830152253641254,0.1,0.1,101325,0.44,-0.07821199224961695,-0.39440546269824084,30.083577655952244,456878.8877616311,1.6490083190445135,252.96282898578232,260.95,270.34999999999997,267.5298914125628,3.543018381548489,7.2,0,303.15,0,288.15,0,0.08428376720448859,0,295.7513915768853,14.991815762938302,-2.8000000000000114,15.0,30.0,0,0,0,0.00818423706169824,0.3945140060043546,0.0,0.00015961979245909528,0.3946736257968137
460800,0.035839103098427486,0.0,0.09039943043049319,288.2948550313441,400.9015490667819,56.64000000000001,25.92,288.19392204163637,77777,460800,71.03916256157635,370.0269916723797,93.42157974300832,232,0.6939429105929453,-1.830152253641254,0.1,0.1,101325,0.42,0.09479861364955022,-0.39432501895865796,30.34530065330696,460477.83731761645,1.4759977131453463,252.8148178048218,260.34999999999997,270.34999999999997,267.4256352120496,3.543018381548489,5.7,0,303.15,0,288.15,0,0.0648568295413396,0,295.3822797612854,15.043922041636392,-2.8000000000000114,21.0,24.0,2,0,1,5.956077958363608,0.2882948550313441,0.0,9.039943043049318e-05,0.2883852544617746
464400,0.13766365673766257,0.0,2.720586266290339,723.447667044631,606.0252132789378,566.4000000000001,259.20000000000005,294.2040159054096,77777,464400,109.20748959778086,731.7096672526369,235.6035052910053,251,0.6939429105929453,-1.830152253641254,0.1,0.1,101325,0.33,0.24677131272206587,-0.3942443641349822,30.6070236997648,464076.7875488182,1.3240250140728307,257.91605390217035,262.04999999999995,275.34999999999997,270.97687539926443,3.543018381548489,6.2,0,297.15,0,294.15,0,0.24995442406924373,0,298.8991340573156,21.054015905409642,2.1999999999999886,21.0,24.0,2,1,1,0.0,0.7234476670446309,0.0,0.0027205862662903393,0.7261682533109213
468000,0.01108972944919524,0.0,0.007986044827391245,2.2831593949676297,731.7923745160987,566.4000000000001,259.20000000000005,294.3199756261013,77777,468000,97.9529499626587,844.9528787878788,356.76900183150184,275,0.6939429105929453,-1.830152253641254,0.4,0.4,101325,0.18,0.3688379929088472,-0.3941634982893735,30.86874679544647,467675.7384568962,1.2019583338860493,263.9363963856467,259.25,280.34999999999997,273.52193312895344,3.543018381548489,5.7,0,297.15,0,294.15,0,0.018908567788883564,0,294.50926278798875,21.169975626101348,7.199999999999989,21.0,24.0,2,1,1,0.0,0.0022831593949676297,0.0,7.986044827391246e-06,0.002291145439795021
471600,-3.65839219011361e-42,0.0,8.613254395300504e-82,1.0976805694539122e-38,808.4097353550691,566.4000000000001,259.20000000000005,296.57847108121865,77777,471600,77.667004048583,909.1007494004796,445.47960372960375,277,0.6939429105929453,-1.830152253641254,0.2,0.30000000000000004,101325,0.13,0.45060657722962505,-0.39408242148414063,31.13046994047258,471274.69004350895,1.1201897495652715,264.3845075854313,257.54999999999995,282.54999999999995,274.5383158657793,3.543018381548489,5.7,0,297.15,0,294.15,0,0.0,0,294.15,23.428471081218674,9.399999999999977,21.0,24.0,2,1,1,0.0,1.0976805694539122e-41,0.0,8.613254395300504e-85,1.0976805694539122e-41
475200,0.1812827030632462,245.41679491873745,6.196417113432278,0.0,854.570737875882,566.4000000000001,259.20000000000005,297.2171100090968,77777,475200,55.04934210526316,942.8693747129955,484.51270396270394,289,0.6939429105929453,-1.830152253641254,0.2,0.2,101325,0.21,0.48262658607178843,-0.3940011337817406,31.392193134963623,474873.6423103134,1.0881697407231081,267.1182570160958,263.75,283.75,276.2027531930685,3.543018381548489,4.1,0,297.15,0,294.15,0,0.3300263435011104,0,293.1896838779867,24.067110009096837,10.600000000000023,21.0,24.0,2,0,1,0.06711000909683662,0.0,0.24541679491873744,0.006196417113432278,0.25161321203216974
478800,0.2622551147521306,507.38010199772793,18.760458187391887,0.0,882.8065222953529,566.4000000000001,259.20000000000005,297.1813736393987,77777,478800,31.308189655172413,962.9502925531915,475.6382183908046,284,0.6939429105929453,-1.830152253641254,0.0,0.1,101325,0.14,0.46047240185213356,-0.39391963524477935,31.65391637904003,478472.5952589655,1.110323924942763,266.13594089150644,260.34999999999997,285.95,276.8849982207626,3.543018381548489,3.1,0,297.15,0,294.15,0,0.4770217123074164,0,291.425739452311,24.031373639398737,12.800000000000011,21.0,24.0,2,0,1,0.03137363939873694,0.0,0.507380101997728,0.018760458187391887,0.5261405601851199
482400,0.2921166899282567,627.153637208187,25.926306599865097,0.0,899.9627071255959,566.4000000000001,259.20000000000005,297.16131881365084,77777,482400,5.805780933062879,899.6272344192635,379.94591402928677,286,0.6939429105929453,-1.830152253641254,0.0,0.1,101325,0.24,0.38725474792132775,-0.3938379259360107,31.9156396728221,482071.5488911194,1.1835415788735688,266.53682206415823,265.95,284.84999999999997,277.3060059065838,5.899212871740834,3.6,0,297.15,0,294.15,0,0.5311930101703746,0,290.7756838779555,24.01131881365086,11.699999999999989,21.0,24.0,2,0,1,0.011318813650859738,0.0,0.627153637208187,0.025926306599865098,0.653079943808052
486000,0.3012412334110961,665.5054276127519,28.43248321231662,0.0,910.3868025389972,566.4000000000001,259.20000000000005,297.1479525325767,77777,486000,0.7235294117647056,739.1155245897455,239.82876712328766,289,0.6939429105929453,-1.830152253641254,0.1,0.2,101325,0.2,0.2718164040438664,-0.39375600591833687,32.17736301643003,485670.5032084282,1.2989799227510301,267.24978498571215,263.75,284.84999999999997,276.8549959751253,5.899212871740834,3.1,0,297.15,0,294.15,0,0.5476939574610699,0,290.57767251046715,23.997952532576733,11.699999999999989,21.0,24.0,2,1,1,0.0,0.0,0.6655054276127519,0.02843248321231662,0.6939379108250685
489600,0.2787422662053032,567.3472410654955,22.52578941667663,0.0,916.7205086944211,566.4000000000001,259.20000000000005,297.12260053118166,77777,489600,9.5,330.14002146190506,88.70714550166606,296,0.6939429105929453,-1.830152253641254,0.4,0.8,101325,0.31,0.12463071281339322,-0.39367387525480796,32.43908640998392,489269.4582125434,1.4461656139815033,268.6946679404941,267.54999999999995,283.15,276.81237461063876,0.4014257279586958,3.6,0,297.15,0,294.15,0,0.5066206230342715,0,291.07055252358873,23.972600531181683,10.0,21.0,24.0,2,1,1,0.0,0.0,0.5673472410654955,0.02252578941667663,0.5898730304821721
493200,0.21053814433928358,322.4144291789801,9.706528016352337,0.0,920.5688862884369,566.4000000000001,259.20000000000005,297.11119961754287,77777,493200,7.3500000000000005,20.400969529085884,0.0,277,0.6939429105929453,-1.830152253641254,0.4,0.9,101325,0.51,-0.045066498993343806,-0.39359153400862174,32.7008098536038,492868.4139051152,1.6158628257882404,264.3630231897336,269.25,278.15,274.5820041232841,1.1868238913561442,3.1,0,297.15,0,294.15,0,0.3825529466649138,0,292.559364640021,23.96119961754289,5.0,21.0,24.0,2,1,1,0.0,0.0,0.32241442917898006,0.009706528016352337,0.3321209571953324
496800,0.16564839808955312,199.95239450152667,4.727518762595321,0.0,922.9071661998946,566.4000000000001,259.20000000000005,297.12549180541464,77777,496800,0.0,0.0,0.0,273,0.6939429105929453,-1.830152253641254,0.4,0.8,101325,0.46,-0.23008496387406363,-0.39350898224312403,32.96253334740957,496467.3702877925,1.8008812906689602,263.3805583149713,267.54999999999995,277.54999999999995,273.69933314589645,2.7576202181510405,3.1,0,297.15,0,294.15,0,0.30101847601200366,0,293.53777828785593,23.975491805414663,4.399999999999977,21.0,24.0,2,1,1,0.0,0.0,0.19995239450152666,0.004727518762595321,0.204679913264122
500400,-1.0909006286424212e-50,0.0,7.65873664671476e-99,1.2693501302968545e-47,718.2947973881885,56.64000000000001,25.92,296.7071551338959,77777,500400,0.0,0.0,0.0,262,0.6939429105929453,-1.830152253641254,0.4,0.9,101325,0.55,-0.42492379314886786,-0.3934262200218079,33.224256891521016,500066.3273622226,1.9957201199437644,260.81839831695146,267.54999999999995,274.84999999999997,272.03623585386,5.113814708343385,4.6,0,303.15,0,288.15,0,0.0,0,294.15,23.557155133895947,1.6999999999999886,15.0,30.0,0,1,0,0.0,1.2693501302968544e-50,0.0,7.65873664671476e-102,1.2693501302968544e-50
504000,1.2995712798607436e-101,0.0,1.0868934263252927e-200,8.300329673993298e-99,593.056114591752,56.64000000000001,25.92,296.00850186543124,77777,504000,0.0,0.0,0.0,264,0.6939429105929453,-1.830152253641254,0.4,0.8,101325,0.53,-0.6249735572769954,-0.3933432474083139,33.485980486057855,503665.28513005155,2.195769884071892,261.29287239065883,267.54999999999995,275.34999999999997,272.3366802222279,5.113814708343385,2.1,0,303.15,0,288.15,0,0.0,0,294.15,22.858501865431265,2.1999999999999886,15.0,30.0,0,1,0,0.0,8.300329673993297e-102,0.0,1.0868934263252926e-203,8.300329673993297e-102
507600,-1.5889187255721933e-153,1.0221042125609403e-150,1.6247633671072521e-304,0.0,517.0947928998312,56.64000000000001,25.92,295.4024306603781,77777,507600,0.0,0.0,0.0,263,0.6939429105929453,-1.830152253641254,0.30000000000000004,0.7000000000000001,101325,0.44,-0.8253102312086731,-0.3932600644664297,33.74770413113968,507264.243592924,2.3961065580035696,260.95734728006784,265.95,275.95,272.2281465415137,4.71238898038469,3.1,0,303.15,0,288.15,0,0.0,0,294.15,22.25243066037814,2.8000000000000114,15.0,30.0,0,1,0,0.0,0.0,1.0221042125609402e-153,1.6247633671072521e-307,1.0221042125609402e-153
511200,-7.458890450503776e-204,8.027884815518175e-201,0.0,0.0,471.02178842275396,56.64000000000001,25.92,294.55800276825704,77777,511200,0.0,0.0,0.0,248,0.6939429105929453,-1.830152253641254,0.1,0.5,101325,0.6,-1.018074337099799,-0.39317667126009015,34.00942782688598,510863.202752483,2.5888706638946957,257.06954883361817,267.04999999999995,273.15,270.8529351442124,5.113814708343385,3.1,0,303.15,0,288.15,0,0.0,0,294.15,21.408002768257063,0.0,15.0,30.0,0,1,0,0.0,0.0,8.027884815518176e-204,0.0,8.027884815518176e-204
514800,7.4843757836630355e-255,0.0,0.0,3.4548482749126323e-251,443.0770173963362,56.64000000000001,25.92,293.9227932616865,77777,514800,0.0,0.0,0.0,246,0.6939429105929453,-1.830152253641254,0.0,0.30000000000000004,101325,0.5,-1.1841188347407114,-0.3930930678533769,34.27115157341618,514462.1626103706,2.754915161535608,256.6183024437262,265.95,274.25,271.19830535040546,6.283185307179586,5.7,0,303.15,0,288.15,0,0.0,0,294.15,20.772793261686502,1.1000000000000227,15.0,30.0,0,1,0,0.0,3.454848274912632e-254,0.0,0.0,3.454848274912632e-254
518400,8.02102621516597e-309,0.0,0.0,4.516988621841788e-305,426.12760142929955,56.64000000000001,25.92,293.69004635028654,77777,518400,0.0,0.0,0.0,254,0.6939429105929453,-1.830152253641254,0.0,0.1,101325,0.28,-1.2691360734451083,-0.39300925431051853,34.53287537084953,518061.123168227,2.839932400240005,258.7449028692866,262.04999999999995,277.54999999999995,272.31796137401784,0.7853981633974483,4.6,0,303.15,0,288.15,0,0.0,0,294.15,20.54004635028656,4.399999999999977,15.0,30.0,0,1,0,0.0,4.516988621841788e-308,0.0,0.0,4.516988621841788e-308
522000,5e-324,0.0,0.0,3.4664e-320,415.8472546155736,56.64000000000001,25.92,292.94465419522885,77777,522000,0.0,0.0,0.0,249,0.6939429105929453,-1.830152253641254,0.2,0.30000000000000004,101325,0.41000000000000003,-1.2087413796024116,-0.39292523069588997,34.794599219305255,521660.08442769124,2.779537706397308,257.55681762364264,263.15,273.75,270.20944199692775,4.71238898038469,2.6,0,303.15,0,288.15,0,0.0,0,294.15,19.794654195228873,0.6000000000000227,15.0,30.0,0,1,0,0.0,3.5e-323,0.0,0.0,3.5e-323
525600,5e-324,0.0,0.0,3.9115e-320,409.6118457485586,56.64000000000001,25.92,292.215852661762,88888,525600,0.0,0.0,0.0,254,0.6939429105929453,-1.830152253641254,0.5,0.6000000000000001,101325,0.54,-1.0521269607404267,-0.3928409970740129,35.05632311890242,525259.0463904009,2.6229232875353232,258.59358436519886,265.34999999999997,272.54999999999995,269.9737174327058,3.9269908169872414,5.1,0,303.15,0,288.15,0,0.0,0,294.15,19.06585266176205,-0.6000000000000227,15.0,30.0,0,1,0,0.0,4e-323,0.0,0.0,4e-323
529200,5e-324,0.0,0.0,4.2574e-320,405.8298791137795,56.64000000000001,25.92,291.6021096881905,77777,529200,0.0,0.0,0.0,248,0.6939429105929453,-1.830152253641254,0.4,0.5,101325,0.49,-0.8622462393212333,-0.39275655350955496,35.318047069760034,528858.0090579921,2.43304256611613,257.2417954397034,263.75,272.04999999999995,269.2545028599052,3.543018381548489,5.1,0,303.15,0,288.15,0,0.0,0,294.15,18.452109688190546,-1.1000000000000227,15.0,30.0,0,1,0,0.0,4.4e-323,0.0,0.0,4.4e-323
532800,5e-324,0.0,0.0,4.6837e-320,403.53600040724535,56.64000000000001,25.92,290.88453809412437,77777,532800,0.0,0.0,0.0,243,0.6939429105929453,-1.830152253641254,0.4,0.5,101325,0.62,-0.6624878308717332,-0.3926719000673302,35.579771071996944,532456.9724320995,2.23328415766663,255.90120906565892,264.84999999999997,270.34999999999997,268.45710119966617,3.543018381548489,5.1,0,303.15,0,288.15,0,0.0,0,294.15,17.73453809412439,-2.8000000000000114,15.0,30.0,0,1,0,0.0,4.4e-323,0.0,0.0,4.4e-323
536400,5e-324,0.0,0.0,4.9856e-320,402.1446926490274,56.64000000000001,25.92,290.38953790241067,30500,536400,0.0,0.0,0.0,251,0.6939429105929453,-1.830152253641254,0.7000000000000001,0.8,101325,0.54,-0.4618662037983392,-0.3925870368122985,35.841495125731946,536055.9365143566,2.0326625305932358,257.9990696850255,263.75,270.95,268.57439110624045,3.543018381548489,3.6,0,303.15,0,288.15,0,0.0,0,294.15,17.23953790241069,-2.1999999999999886,15.0,30.0,0,1,0,0.0,5e-323,0.0,0.0,5e-323
540000,5e-324,0.0,0.0,5.254e-320,401.30082184079134,56.64000000000001,25.92,289.85858387489935,25900,540000,0.0,0.0,0.0,250,0.6939429105929453,-1.830152253641254,0.6000000000000001,0.9,101325,0.62,-0.2655716291274546,-0.39250196380956565,36.10321923108371,539654.9013063951,1.8363679559223511,257.64262327556185,265.34999999999997,270.95,268.99750285192056,3.543018381548489,6.2,0,303.15,0,288.15,0,0.0,0,294.15,16.708583874899375,-2.1999999999999886,15.0,30.0,0,1,0,0.0,5.4e-323,0.0,0.0,5.4e-323
543600,5e-324,0.0,0.0,5.4545e-320,400.7889883253188,56.64000000000001,25.92,289.3481226873371,27400,543600,7.263157894736841,14.831896551724137,0.0,250,0.6939429105929453,-1.830152253641254,0.6000000000000001,0.9,101325,0.62,-0.07815473822042107,-0.39241668112438294,36.364943388170815,543253.8668098454,1.6489510650153176,257.64262327556185,265.34999999999997,270.95,268.99750285192056,3.543018381548489,7.2,0,303.15,0,288.15,0,0.0,0,294.15,16.198122687337104,-2.1999999999999886,15.0,30.0,0,1,0,0.0,5.4e-323,0.0,0.0,5.4e-323
547200,5e-324,0.0,0.0,5.3883e-320,400.4785456070683,56.64000000000001,25.92,289.3886009627876,77777,547200,71.22213622291022,363.4408307210032,97.88825021132713,248,0.6939429105929453,-1.830152253641254,0.30000000000000004,0.6000000000000001,101325,0.5700000000000001,0.09512566725368288,-0.3923311888221474,36.62666759711171,546852.8330263366,1.4756706595412137,257.12433923059723,265.34999999999997,272.04999999999995,269.706079478206,3.543018381548489,7.2,0,303.15,0,288.15,0,0.0,0,294.15,16.238600962787643,-1.1000000000000227,21.0,24.0,2,0,1,4.761399037212357,5.4e-323,0.0,0.0,5.4e-323
550800,0.07968088075348147,0.0,0.591770478726144,239.22132905287233,606.8914447054443,566.4000000000001,259.20000000000005,294.21197464268454,77777,550800,118.71831412977562,794.1704545454545,253.63505189640122,244,0.6939429105929453,-1.830152253641254,0.0,0.1,101325,0.49,0.24744430251722593,-0.39224548696840117,36.88839185802476,550451.7999574962,1.3233520242776706,256.00617873270056,265.34999999999997,273.75,270.7088880782462,0.4014257279586958,6.2,0,297.15,0,294.15,0,0.14444425751914114,0,296.89444089286366,21.06197464268456,0.6000000000000227,21.0,24.0,2,1,1,0.0,0.23922132905287233,0.0,0.0005917704787261439,0.23981309953159846
554400,-7.129629282928012e-38,0.0,3.271335760421285e-73,1.7728290949905587e-34,732.5279686092018,566.4000000000001,259.20000000000005,295.75032299798767,77777,554400,105.42707357075913,903.3348181818182,385.33219239776616,258,0.6939429105929453,-1.830152253641254,0.0,0.0,101325,0.4,0.3699271741896337,-0.3921595756288318,37.15011617102822,554050.7676049505,1.2008691526052628,259.7061434576342,265.95,277.54999999999995,273.24456468343845,2.356194490192345,4.6,0,297.15,0,294.15,0,0.0,0,294.15,22.60032299798769,4.399999999999977,21.0,24.0,2,1,1,0.0,1.7728290949905587e-37,0.0,3.2713357604212846e-76,1.7728290949905587e-37
558000,0.15087532220305924,170.88504296932405,3.5733569659557776,0.0,808.4360417269837,566.4000000000001,259.20000000000005,297.2210293872963,77777,558000,81.93181818181819,955.3027692307693,468.69551687250805,265,0.6939429105929453,-1.830152253641254,0.0,0.0,101325,0.31,0.452151667707527,-0.39207345486927186,37.41184053624024,557649.7359703239,1.1186446590873695,261.5874418618731,264.84999999999997,279.84999999999997,274.3181568107782,1.5707963267948966,4.6,0,297.15,0,294.15,0,0.27475142005640646,0,293.85298295932307,24.071029387296335,6.699999999999989,21.0,24.0,2,0,1,0.07102938729633479,0.0,0.17088504296932405,0.0035733569659557774,0.17445839993527984
561600,0.2401765732759963,426.73023864877746,14.410131524679068,0.0,854.7766896732489,566.4000000000001,259.20000000000005,297.1898577562443,77777,561600,57.466911764705884,967.0136752136752,500.8132743362832,267,0.6939429105929453,-1.830152253641254,0.0,0.0,101325,0.34,0.4846042950069056,-0.3919871247556987,37.67356495377886,561248.7050552397,1.086192031787991,261.85827507338837,265.95,279.84999999999997,274.57812449765294,6.283185307179586,3.1,0,297.15,0,294.15,0,0.4369365971910264,0,291.90676083370766,24.039857756244317,6.699999999999989,21.0,24.0,2,0,1,0.03985775624431653,0.0,0.42673023864877746,0.014410131524679067,0.44114037017345653
565200,0.2886331806395472,613.456205698519,25.010062531149146,0.0,882.9335793720464,566.4000000000001,259.20000000000005,297.1708748486034,77777,565200,31.187979539641944,956.2715465465466,473.42321428571427,264,0.6939429105929453,-1.830152253641254,0.0,0.0,101325,0.28,0.4627875820209897,-0.3919005853542343,37.93528942376203,564847.67486132,1.1080087447739069,261.31463233256056,263.75,279.84999999999997,274.0562943030308,0.4014257279586958,5.7,0,297.15,0,294.15,0,0.5249202352317706,0,290.85095717721873,24.0208748486034,6.699999999999989,21.0,24.0,2,0,1,0.020874848603398277,0.0,0.6134562056985191,0.025010062531149145,0.6384662682296682
568800,0.31843230329121075,745.3479889617548,33.583609132227444,0.0,900.0418548772456,566.4000000000001,259.20000000000005,297.16183973188066,77777,568800,5.662608695652175,910.9879447074569,386.9955357142857,269,0.6939429105929453,-1.830152253641254,0.0,0.0,101325,0.26,0.38977699640851404,-0.3918138367311455,38.19701394630757,568446.6453901846,1.1810193303863825,262.34177578643164,263.75,280.95,274.69334762148145,0.4014257279586958,6.7,0,297.15,0,294.15,0,0.5790397121344357,0,290.20152345438675,24.011839731880684,7.800000000000011,21.0,24.0,2,0,1,0.011839731880684212,0.0,0.7453479889617548,0.033583609132227445,0.7789315980939823
572400,0.3251715469234425,775.5597104443557,35.7613267857689,0.0,910.4369388404499,566.4000000000001,259.20000000000005,297.14793426096634,77777,572400,0.0,797.0969656298254,254.39930555555554,267,0.6939429105929453,-1.830152253641254,0.0,0.6000000000000001,101325,0.28,0.27443076091772456,-0.3917268789528432,38.45873852153322,572045.6166434528,1.296365565877172,261.9059887171068,264.25,280.34999999999997,274.4307518040413,0.4014257279586958,5.1,0,297.15,0,294.15,0,0.5912048682449806,0,290.0555415810602,23.99793426096636,7.199999999999989,21.0,24.0,2,1,1,0.0,0.0,0.7755597104443557,0.035761326785768904,0.8113210372301246
576000,0.30500628450328654,679.6822712147177,29.512253701688728,0.0,916.7530495905021,566.4000000000001,259.20000000000005,297.1234671566803,77777,576000,6.078947368421054,410.6115986717267,100.91319444444444,264,0.6939429105929453,-1.830152253641254,0.0,1.0,101325,0.35000000000000003,0.12726158083904737,-0.39163971208588283,38.72046314955661,575644.5886227419,1.4435347459558492,261.296849434496,265.95,279.25,274.196089649651,0.4014257279586958,3.1,0,297.15,0,294.15,0,0.5543799833242968,0,290.49744020010843,23.97346715668033,6.100000000000023,21.0,24.0,2,1,1,0.0,0.0,0.6796822712147177,0.029512253701688727,0.7091945249164064
579600,0.24560259893695577,439.54368765162286,15.409015303761127,0.0,920.5907567042383,566.4000000000001,259.20000000000005,297.11500605438715,77777,579600,5.500000000000001,34.937499999999986,0.0,263,0.6939429105929453,-1.830152253641254,0.1,0.7000000000000001,101325,0.4,-0.04245812169939067,-0.39155233619696383,38.98218783049523,579243.5613296677,1.6132544484942872,260.9425765687768,265.95,277.54999999999995,273.24456468343845,1.1868238913561442,2.1,0,297.15,0,294.15,0,0.446326802409336,0,291.79407837108795,23.965006054387175,4.399999999999977,21.0,24.0,2,1,1,0.0,0.0,0.4395436876516229,0.015409015303761127,0.45495270295538404
583200,0.19179812619336767,267.9032852484129,7.338530302366143,0.0,922.9225639954558,566.4000000000001,259.20000000000005,297.1196899873493,77777,583200,0.0,0.0,0.0,255,0.6939429105929453,-1.830152253641254,0.1,0.6000000000000001,101325,0.58,-0.2275124031287401,-0.3914647513529295,39.24391256446649,582842.5347658448,1.7983087299236367,258.9329053776186,268.15,274.84999999999997,272.23057819556874,1.5707963267948966,2.1,0,297.15,0,294.15,0,0.3485304803439431,0,292.96763423587265,23.96968998734934,1.6999999999999886,21.0,24.0,2,1,1,0.0,0.0,0.2679032852484129,0.007338530302366144,0.27524181555077903
586800,1.5998941285433813e-44,1.0436392040583512e-41,1.6473039148802663e-86,0.0,718.3059019016055,56.64000000000001,25.92,297.2455991877385,77777,586800,0.0,0.0,0.0,249,0.6939429105929453,-1.830152253641254,0.1,0.6000000000000001,101325,0.66,-0.4223831086193819,-0.3913769576207669,39.505637351587716,586441.5089328863,1.9931794354142784,257.3313556627125,268.15,273.15,271.2063284070813,3.141592653589793,3.6,0,303.15,0,288.15,0,0.0,0,294.15,24.095599187738515,0.0,15.0,30.0,0,1,0,0.0,0.0,1.0436392040583512e-44,1.6473039148802664e-89,1.0436392040583512e-44
590400,-1.7197379766029703e-78,0.0,1.9033375031456873e-154,3.9809551979632524e-76,593.0638459114222,56.64000000000001,25.92,296.30412801286354,77777,590400,0.0,0.0,0.0,240,0.6939429105929453,-1.830152253641254,0.0,0.2,101325,0.68,-0.6224470892760117,-0.39128895506760686,39.76736219197608,590040.4838324036,2.1932434160709082,254.93932298782107,267.54999999999995,272.04999999999995,270.31895868461777,3.543018381548489,5.7,0,303.15,0,288.15,0,0.0,0,294.15,23.154128012863566,-1.1000000000000227,15.0,30.0,0,1,0,0.0,3.9809551979632525e-79,0.0,1.9033375031456873e-157,3.9809551979632525e-79
594000,-8.539498579665318e-111,3.568796276267084e-108,4.6930586601296816e-219,0.0,517.1000863491105,56.64000000000001,25.92,295.44195477785536,77777,594000,0.0,0.0,0.0,235,0.6939429105929453,-1.830152253641254,0.0,0.0,101325,0.72,-0.8227661717690116,-0.3912007437607235,40.0290870857487,593639.4594660068,2.393562498563908,253.79079296344025,267.04999999999995,270.95,269.5204390949639,3.141592653589793,4.6,0,303.15,0,288.15,0,0.0,0,294.15,22.29195477785538,-2.1999999999999886,15.0,30.0,0,1,0,0.0,0.0,3.568796276267084e-111,4.693058660129682e-222,3.568796276267084e-111
597600,-7.388039989320757e-145,6.4239330770651865e-142,3.5127700098935336e-287,0.0,471.025365511782,56.64000000000001,25.92,294.5850875192059,77777,597600,0.0,0.0,0.0,235,0.6939429105929453,-1.830152253641254,0.1,0.30000000000000004,101325,0.72,-1.0154696130318994,-0.3911123237675342,40.29081203302252,597238.4358353046,2.586265939826796,253.7033121494665,265.95,269.84999999999997,268.4991621015402,3.543018381548489,6.2,0,303.15,0,288.15,0,0.0,0,294.15,21.435087519205922,-3.3000000000000114,15.0,30.0,0,1,0,0.0,0.0,6.423933077065187e-145,3.512770009893534e-290,6.423933077065187e-145
601200,1.937686845544441e-177,0.0,0.0,8.314002378376908e-174,443.0794092759484,56.64000000000001,25.92,293.8618573970723,77777,601200,0.0,0.0,0.0,230,0.6939429105929453,-1.830152253641254,0.0,0.1,101325,0.65,-1.1814692399088607,-0.3910236951555996,40.552537033914426,600837.4129419039,2.752265566703757,252.2400256795657,264.84999999999997,269.84999999999997,268.1545677972727,3.543018381548489,4.6,0,303.15,0,288.15,0,0.0,0,294.15,20.711857397072322,-3.3000000000000114,15.0,30.0,0,1,0,0.0,8.314002378376907e-177,0.0,0.0,8.314002378376907e-177
604800,4.238040193412136e-211,0.0,0.0,2.3826029543982462e-207,426.12919328457104,56.64000000000001,25.92,293.1170171069052,77777,604800,0.0,0.0,0.0,227,0.6939429105929453,-1.830152253641254,0.0,0.0,101325,0.65,-1.2669567259617298,-0.3909348579926233,40.814262088541184,604436.3907874105,2.8377530527566264,251.5362491959373,264.25,269.25,267.6075901336023,3.543018381548489,5.1,0,303.15,0,288.15,0,0.0,0,294.15,19.967017106905246,-3.8999999999999773,15.0,30.0,0,1,0,0.0,2.382602954398246e-210,0.0,0.0,2.382602954398246e-210
608400,2.402893350493943e-287,0.0,0.0,1.6094565937686508e-283,415.84832817212936,56.64000000000001,25.92,292.4610028830271,77777,608400,0.0,0.0,0.0,227,0.6939429105929453,-1.830152253641254,0.0,0.0,101325,0.65,-1.207791807529813,-0.3908458123464516,41.07598719701945,608035.3693734285,2.7785881343247096,251.5362491959373,264.25,269.25,267.6075901336023,3.543018381548489,3.6,0,303.15,0,288.15,0,0.0,0,294.15,19.31100288302713,-3.8999999999999773,15.0,30.0,0,1,0,0.0,1.6094565937686507e-286,0.0,0.0,1.6094565937686507e-286
612000,-5e-324,1.1294e-320,0.0,0.0,409.6125465759408,56.64000000000001,25.92,291.8626942123938,77777,612000,0.0,0.0,0.0,236,0.6939429105929453,-1.830152253641254,0.30000000000000004,0.6000000000000001,101325,0.62,-1.0519552783499733,-0.3907565582850736,41.337712359465776,611634.3487015606,2.62275160514487,254.09274707597785,263.75,269.25,267.46385336096347,3.543018381548489,2.1,0,303.15,0,288.15,0,0.0,0,294.15,18.712694212393842,-3.8999999999999773,15.0,30.0,0,1,0,0.0,0.0,1e-323,0.0,1e-323
615600,-5e-324,1.261e-320,0.0,0.0,405.83033432113814,56.64000000000001,25.92,291.2087216990507,88888,615600,0.0,0.0,0.0,237,0.6939429105929453,-1.830152253641254,0.4,0.7000000000000001,101325,0.68,-0.8623809794391826,-0.39066709587662074,41.599437575996596,615233.3287734078,2.433177306234079,254.24225152616043,264.25,268.75,267.2904581109242,3.141592653589793,2.6,0,303.15,0,288.15,0,0.0,0,294.15,18.05872169905075,-4.399999999999977,15.0,30.0,0,1,0,0.0,0.0,1.5e-323,0.0,1.5e-323
619200,-5e-324,1.354e-320,0.0,0.0,403.536294781793,56.64000000000001,25.92,290.67358772435705,88888,619200,0.0,0.0,0.0,243,0.6939429105929453,-1.830152253641254,0.5,0.8,101325,0.62,-0.6627029108680169,-0.3905774251893668,41.86116284672824,618832.3095905699,2.2334992376629135,255.76583500172137,264.25,269.84999999999997,268.00603269058456,3.543018381548489,4.1,0,303.15,0,288.15,0,0.0,0,294.15,17.52358772435707,-3.3000000000000114,15.0,30.0,0,1,0,0.0,0.0,1.5e-323,0.0,1.5e-323
622800,-5e-324,1.4387e-320,0.0,0.0,402.14488228203265,56.64000000000001,25.92,290.2363016502845,45700,622800,0.0,0.0,0.0,251,0.6939429105929453,-1.830152253641254,0.7000000000000001,0.9,101325,0.54,-0.46203908409202876,-0.3904875462917279,42.12288817177693,622431.291154645,2.0328354108869253,257.9990696850255,263.75,270.95,268.57439110624045,3.9269908169872414,4.1,0,303.15,0,288.15,0,0.0,0,294.15,17.086301650284497,-2.1999999999999886,15.0,30.0,0,1,0,0.0,0.0,1.5e-323,0.0,1.5e-323
626400,-5e-324,1.5257e-320,0.0,0.0,401.3009435829462,56.64000000000001,25.92,289.69606111443454,77777,626400,0.0,0.0,0.0,241,0.6939429105929453,-1.830152253641254,0.30000000000000004,0.6000000000000001,101325,0.62,-0.26561731296192725,-0.39039745925226177,42.38461355125878,626030.2734672298,1.8364136397568238,255.39717699671257,264.84999999999997,270.34999999999997,268.45710119966617,3.543018381548489,4.1,0,303.15,0,288.15,0,0.0,0,294.15,16.546061114434565,-2.8000000000000114,15.0,30.0,0,1,0,0.0,0.0,1.5e-323,0.0,1.5e-323
630000,-5e-324,1.613e-320,0.0,0.0,400.7890662439548,56.64000000000001,25.92,289.12949457825056,88888,630000,7.019144144144145,9.493902439024387,0.0,243,0.6939429105929453,-1.830152253641254,0.5,0.8,101325,0.62,-0.07799922060286102,-0.39030716413966854,42.646338985289795,629629.2565299195,1.6487955473977576,255.76583500172137,264.25,269.84999999999997,268.00603269058456,3.141592653589793,3.6,0,303.15,0,288.15,0,0.0,0,294.15,15.97949457825058,-3.3000000000000114,15.0,30.0,0,1,0,0.0,0.0,1.5e-323,0.0,1.5e-323
633600,-5e-324,1.644e-320,0.0,0.0,400.4785953407285,56.64000000000001,25.92,288.9982288159434,45700,633600,68.96148965867276,282.9414423885619,92.5,247,0.6939429105929453,-1.830152253641254,0.6000000000000001,0.8,101325,0.59,0.09555674961071148,-0.3902166610227895,42.90806447398586,633228.2403443075,1.475239577184185,256.8050030124437,264.25,270.34999999999997,268.3039471495654,3.543018381548489,5.7,0,303.15,0,288.15,0,0.0,0,294.15,15.8482288159434,-2.8000000000000114,21.0,24.0,2,0,1,5.151771184056599,0.0,1.5e-323,0.0,1.5e-323
637200,0.10256618968783293,0.0,1.1665368220945909,401.30314663629184,606.8916078393429,566.4000000000001,259.20000000000005,294.19286514853667,88888,637200,108.8943661971831,696.1402365677626,231.5,254,0.6939429105929453,-1.830152253641254,0.5,0.8,101325,0.5700000000000001,0.24822776318560735,-0.39012594997060784,43.169790017462766,636827.2249119862,1.3225685636092892,258.7393114765417,265.95,272.54999999999995,270.146950512264,0.7853981633974483,3.6,0,297.15,0,294.15,0,0.1862185583566861,0,297.688152608777,21.04286514853669,-0.6000000000000227,21.0,24.0,2,1,1,0.0,0.40130314663629185,0.0,0.0011665368220945909,0.40246968345838646
640800,4.766495848373692e-13,1.8222984158198273e-10,1.462156315597693e-23,0.0,732.4288385224514,566.4000000000001,259.20000000000005,294.9022125786721,77777,640800,100.3625,861.0861833105336,365.77710843373495,260,0.6939429105929453,-1.830152253641254,0.4,0.8,101325,0.55,0.37113272480391113,-0.3900350310522478,43.43151561583619,640426.2102345461,1.1996636019909854,260.1283749925253,267.04999999999995,274.25,271.5147501290203,0.4014257279586958,3.6,0,297.15,0,294.15,0,0.0,0,294.15,21.75221257867213,1.1000000000000227,21.0,24.0,2,1,1,0.0,0.0,1.8222984158198272e-13,1.4621563155976932e-26,1.8222984158199734e-13
644400,0.024499144707374722,6.275304671213569,0.04032447863594297,0.0,808.4300768878018,566.4000000000001,259.20000000000005,297.3490155250184,77777,644400,81.71838235294118,946.8263305322129,468.24153191714225,257,0.6939429105929453,-1.830152253641254,0.1,0.30000000000000004,101325,0.44,0.4538165266303915,-0.38994390433697484,43.69324126922168,644025.1963135763,1.116979800164505,259.4383138322968,265.95,275.95,272.2281465415137,5.497787143782138,3.6,0,297.15,0,294.15,0,0.04625910681543428,0,296.59489071821474,24.19901552501841,2.8000000000000114,21.0,24.0,2,0,1,0.19901552501841024,0.0,0.00627530467121357,4.032447863594297e-05,0.006315629149849513
648000,0.21493623867402992,342.7842106350406,10.327830175746959,0.0,854.7694870002274,566.4000000000001,259.20000000000005,297.1984198504667,77777,648000,58.09411764705882,968.3645833333334,504.23865131578947,261,0.6939429105929453,-1.830152253641254,0.0,0.0,101325,0.42,0.48670039936826126,-0.38985256989419576,43.95496697773469,647624.1831506643,1.0840959274266353,260.53481846385273,267.04999999999995,278.15,273.88516106182834,0.4014257279586958,3.1,0,297.15,0,294.15,0,0.3910957736323618,0,292.4568507164116,24.0484198504667,5.0,21.0,24.0,2,0,1,0.04841985046670061,0.0,0.3427842106350406,0.010327830175746958,0.35311204081078756
651600,0.27263456514910717,547.9582010621839,21.077684593800093,0.0,882.9309766881017,566.4000000000001,259.20000000000005,297.17522066104743,77777,651600,31.222727272727273,957.0561052123552,475.6216557017544,262,0.6939429105929453,-1.830152253641254,0.0,0.0,101325,0.35000000000000003,0.4652139131571209,-0.3897610277934577,44.21669274149058,651223.1707473964,1.1055824136377757,260.6820906730239,265.34999999999997,278.75,273.80475086854796,3.9269908169872414,2.6,0,297.15,0,294.15,0,0.49585890327777565,0,291.1996931606667,24.025220661047456,5.600000000000023,21.0,24.0,2,0,1,0.025220661047455906,0.0,0.5479582010621838,0.021077684593800092,0.569035885655984
655200,0.3032105337095627,676.0235709503659,28.99432541976676,0.0,900.0421178254036,566.4000000000001,259.20000000000005,297.1623135021215,77777,655200,5.509881422924902,912.3704025369709,389.504117147708,264,0.6939429105929453,-1.830152253641254,0.0,0.0,101325,0.33,0.39239857918915555,-0.38966927810444907,44.478418560604574,654822.159105357,1.178397747605741,261.1496818670562,265.34999999999997,279.25,274.02828870276727,5.113814708343385,3.1,0,297.15,0,294.15,0,0.5513687975232292,0,290.5335744297212,24.012313502121515,6.100000000000023,21.0,24.0,2,0,1,0.01231350212151483,0.0,0.6760235709503659,0.02899432541976676,0.7050178963701327
658800,0.31665568360686863,735.7961033574043,33.024938452450165,0.0,910.4389924281443,566.4000000000001,259.20000000000005,297.1495747863193,77777,658800,0.0,800.3042364260264,256.35750152160676,271,0.6939429105929453,-1.830152253641254,0.0,0.0,101325,0.31,0.2771308519879816,-0.3895773208969985,44.74014443519176,658421.148226129,1.293665474806915,262.88755541135777,265.95,280.95,275.1545509179706,5.497787143782138,3.1,0,297.15,0,294.15,0,0.5757283067120257,0,290.24126031945565,23.99957478631933,7.800000000000011,21.0,24.0,2,1,1,0.0,0.0,0.7357961033574043,0.033024938452450164,0.7688210418098544
662400,0.29654584950259716,642.4182689112499,27.12412294553493,0.0,916.7562211635591,566.4000000000001,259.20000000000005,297.1230894846439,77777,662400,5.029411764705882,433.33490111685535,103.18377606752733,263,0.6939429105929453,-1.830152253641254,0.0,0.0,101325,0.3,0.12996521991105836,-0.3894851562410748,45.00187036536718,662020.138111294,1.4408311068838382,260.87835687266664,264.25,279.25,273.77512078835395,5.497787143782138,2.6,0,297.15,0,294.15,0,0.5389948081926694,0,290.68206230168795,23.973089484643936,6.100000000000023,21.0,24.0,2,1,1,0.0,0.0,0.64241826891125,0.02712412294553493,0.6695423918567849
666000,0.23738019591871123,410.4866166625409,13.912770017847079,0.0,920.5946233518692,566.4000000000001,259.20000000000005,297.1146750302298,77777,666000,4.5,46.08167613636364,0.0,258,0.6939429105929453,-1.830152253641254,0.0,0.30000000000000004,101325,0.41000000000000003,-0.03978797084926056,-0.3893927842067874,45.26359635124573,665619.1287624319,1.6105842976441571,259.8275966868299,266.45,277.54999999999995,273.32075073723195,5.497787143782138,1.5,0,297.15,0,294.15,0,0.4313749981713202,0,291.9735000219441,23.96467503022984,4.399999999999977,21.0,24.0,2,1,1,0.0,0.0,0.4104866166625409,0.01391277001784708,0.42439938668038796
669600,0.18481005840748482,248.760957231504,6.565336150173554,0.0,922.926870572586,566.4000000000001,259.20000000000005,297.12137164536944,77777,669600,0.0,0.0,0.0,253,0.6939429105929453,-1.830152253641254,0.0,0.4,101325,0.49,-0.22488654101084093,-0.38930020486438555,45.52532239294217,669218.120181121,1.7956828678057375,258.4741440053934,267.04999999999995,275.95,272.5762305737501,1.9722220547535925,3.6,0,297.15,0,294.15,0,0.3358354640122755,0,293.11997443185265,23.97137164536946,2.8000000000000114,21.0,24.0,2,1,1,0.0,0.0,0.248760957231504,0.006565336150173554,0.25532629338167756
673200,6.49405497939947e-43,3.2957958332319667e-40,2.7141090206404644e-83,0.0,718.3100082995321,56.64000000000001,25.92,297.14520240411605,77777,673200,0.0,0.0,0.0,244,0.6939429105929453,-1.830152253641254,0.0,0.30000000000000004,101325,0.52,-0.4197947472795176,-0.3892074182842582,45.7870484905712,672817.1123689383,1.9905910740744142,256.15044774464917,265.95,273.75,270.894576750667,3.141592653589793,2.1,0,303.15,0,288.15,0,0.0,0,294.15,23.99520240411607,0.6000000000000227,15.0,30.0,0,1,0,0.0,0.0,3.2957958332319668e-43,2.7141090206404644e-86,3.2957958332319668e-43
676800,-3.452784232071454e-76,3.6254244554409596e-74,7.672453158647187e-150,0.0,593.0672534380079,56.64000000000001,25.92,296.21325016993706,77777,676800,0.0,0.0,0.0,241,0.6939429105929453,-1.830152253641254,0.0,0.2,101325,0.63,-0.6198751812710639,-0.3891144245369345,46.04877464424735,676416.1053274589,2.1906715080659604,255.28946529686522,267.04999999999995,272.54999999999995,270.491199452421,3.543018381548489,3.1,0,303.15,0,288.15,0,0.0,0,294.15,23.063250169937078,-0.6000000000000227,15.0,30.0,0,1,0,0.0,0.0,3.625424455440959e-77,7.672453158647187e-153,3.625424455440959e-77
680400,-3.1295940597268066e-109,1.6386273734678168e-106,6.303349439591213e-216,0.0,517.1027092400442,56.64000000000001,25.92,295.2753943432787,77777,680400,0.0,0.0,0.0,236,0.6939429105929453,-1.830152253641254,0.0,0.2,101325,0.79,-0.8201742359472259,-0.3890212236930827,46.3105008540851,680015.099058257,2.3909705627421225,254.04926061571786,268.15,270.95,269.88259007207694,3.141592653589793,4.6,0,303.15,0,288.15,0,0.0,0,294.15,22.125394343278742,-2.1999999999999886,15.0,30.0,0,1,0,0.0,0.0,1.6386273734678168e-109,6.303349439591213e-219,1.6386273734678168e-109
684000,2.3589928155137226e-143,0.0,3.581365145849573e-284,7.321697604497134e-140,471.0272936873855,56.64000000000001,25.92,294.4374343259513,77777,684000,0.0,0.0,0.0,230,0.6939429105929453,-1.830152253641254,0.0,0.0,101325,0.68,-1.0128068612284915,-0.38892781582351055,46.572227120198754,683614.0935629042,2.583603188023388,252.35896741924836,265.34999999999997,269.84999999999997,268.3025912729125,3.543018381548489,3.6,0,303.15,0,288.15,0,0.0,0,294.15,21.287434325951324,-3.3000000000000114,15.0,30.0,0,1,0,0.0,7.3216976044971335e-143,0.0,3.581365145849573e-287,7.3216976044971335e-143
687600,7.256492472558815e-176,0.0,0.0,3.3310237518060463e-172,443.08078336781097,56.64000000000001,25.92,293.63219895370884,77777,687600,0.0,0.0,0.0,226,0.6939429105929453,-1.830152253641254,0.0,0.0,101325,0.71,-1.1787370935199437,-0.3888342009991651,46.83395344270255,687213.0888429716,2.7495334203148403,251.2118098995119,264.84999999999997,268.75,267.4293910638826,3.543018381548489,2.6,0,303.15,0,288.15,0,0.0,0,294.15,20.48219895370886,-4.399999999999977,15.0,30.0,0,1,0,0.0,3.331023751806046e-175,0.0,0.0,3.331023751806046e-175
691200,6.601764949272489e-210,0.0,0.0,3.872907052439361e-206,426.13015080868684,56.64000000000001,25.92,292.8655253664024,77777,691200,0.0,0.0,0.0,226,0.6939429105929453,-1.830152253641254,0.0,0.0,101325,0.71,-1.2646532673288822,-0.3887403792911322,47.095679821710604,690812.0849000282,2.8354495941237787,251.2118098995119,264.84999999999997,268.75,267.4293910638826,3.543018381548489,5.7,0,303.15,0,288.15,0,0.0,0,294.15,19.715525366402403,-4.399999999999977,15.0,30.0,0,1,0,0.0,3.872907052439361e-209,0.0,0.0,3.872907052439361e-209
694800,8.633352566064665e-287,0.0,0.0,6.041385512610092e-283,415.8490245937265,56.64000000000001,25.92,292.1226977011453,77777,694800,0.0,0.0,0.0,223,0.6939429105929453,-1.830152253641254,0.0,0.0,101325,0.71,-1.2067100503601718,-0.3886463507706371,47.35740625733688,694411.0817356413,2.7775063771550683,250.50861735149704,264.25,268.15,266.8716033843856,3.141592653589793,5.7,0,303.15,0,288.15,0,0.0,0,294.15,18.972697701145307,-5.0,15.0,30.0,0,1,0,0.0,6.041385512610092e-286,0.0,0.0,6.041385512610092e-286
698400,5e-324,0.0,0.0,3.8977e-320,409.61301463087386,56.64000000000001,25.92,291.5190825131371,77777,698400,0.0,0.0,0.0,225,0.6939429105929453,-1.830152253641254,0.0,0.0,101325,0.68,-1.0516716716589678,-0.3885521155090431,47.61913274969529,698010.0793513773,2.6224679984538644,251.06914381210083,264.25,268.75,267.2904581109242,3.141592653589793,4.6,0,303.15,0,288.15,0,0.0,0,294.15,18.36908251313713,-4.399999999999977,15.0,30.0,0,1,0,0.0,4e-323,0.0,0.0,4e-323
702000,5e-324,0.0,0.0,4.345e-320,405.83064590170255,56.64000000000001,25.92,290.83177552465924,77777,702000,0.0,0.0,0.0,223,0.6939429105929453,-1.830152253641254,0.0,0.0,101325,0.71,-0.8624168573272839,-0.38845767357785255,47.88085929889959,701609.0777488003,2.4332131841221805,250.50861735149704,264.25,268.15,266.8716033843856,3.141592653589793,6.2,0,303.15,0,288.15,0,0.0,0,294.15,17.68177552465926,-5.0,15.0,30.0,0,1,0,0.0,4.4e-323,0.0,0.0,4.4e-323
705600,5e-324,0.0,0.0,4.781e-320,403.53650056058996,56.64000000000001,25.92,290.3107063972344,77777,705600,0.0,0.0,0.0,225,0.6939429105929453,-1.830152253641254,0.0,0.0,101325,0.51,-0.6628245953244605,-0.38836302504870596,48.14258590506342,705208.0769294733,2.233620922119357,250.86163391630677,261.45,269.25,266.93277575937606,3.141592653589793,6.2,0,303.15,0,288.15,0,0.0,0,294.15,17.160706397234435,-3.8999999999999773,15.0,30.0,0,1,0,0.0,5e-323,0.0,0.0,5e-323
709200,5e-324,0.0,0.0,5.286e-320,402.1450172804008,56.64000000000001,25.92,289.748392421283,77777,709200,0.0,0.0,0.0,225,0.6939429105929453,-1.830152253641254,0.0,0.0,101325,0.51,-0.46211941769679665,-0.38826816999338204,48.40431256830035,708807.0768949575,2.032915744491693,250.86163391630677,261.45,269.25,266.93277575937606,3.543018381548489,6.7,0,303.15,0,288.15,0,0.0,0,294.15,16.598392421282995,-3.8999999999999773,15.0,30.0,0,1,0,0.0,5.4e-323,0.0,0.0,5.4e-323
712800,5e-324,0.0,0.0,5.6585e-320,401.3010316425488,56.64000000000001,25.92,289.19659182688855,77777,712800,0.0,0.0,0.0,225,0.6939429105929453,-1.830152253641254,0.0,0.0,101325,0.56,-0.26556836794476135,-0.3881731084837977,48.666039288723766,712406.0776468124,1.836364694739658,251.12816841353333,262.54999999999995,269.25,267.1749637422624,3.543018381548489,6.2,0,303.15,0,288.15,0,0.0,0,294.15,16.046591826888573,-3.8999999999999773,15.0,30.0,0,1,0,0.0,5.4e-323,0.0,0.0,5.4e-323
716400,5e-324,0.0,0.0,5.9644e-320,400.7891234025849,56.64000000000001,25.92,288.76872383409943,77777,716400,9.077991452991453,35.05828651685393,0.0,228,0.6939429105929453,-1.830152253641254,0.0,0.1,101325,0.44,-0.07774496471946746,-0.38807784059200756,48.92776606644701,716005.0791865966,1.648541291514364,251.7642065847964,260.95,270.34999999999997,267.5298914125628,3.543018381548489,6.2,0,303.15,0,288.15,0,0.0,0,294.15,15.618723834099455,-2.8000000000000114,15.0,30.0,0,1,0,0.0,6e-323,0.0,0.0,6e-323
720000,5e-324,0.0,0.0,6.028e-320,400.4786322823688,56.64000000000001,25.92,288.8041944896453,77777,720000,75.12295791409716,412.2736255118714,103.36671087533156,227,0.6939429105929453,-1.830152253641254,0.0,0.0,101325,0.48,0.09609208048107631,-0.387982366390204,49.18949290158326,719604.0815158662,1.4747042463138202,251.42065705595311,261.45,269.84999999999997,267.3060701565842,3.141592653589793,7.2,0,303.15,0,288.15,0,0.0,0,294.15,15.654194489645306,-3.3000000000000114,21.0,24.0,2,0,1,5.345805510354694,6e-323,0.0,0.0,6e-323
723600,0.09154471128654108,0.0,0.854358076062396,317.2329617112101,606.8924648948255,566.4000000000001,259.20000000000005,294.2082203419334,77777,723600,120.90792160065332,805.3594145018869,257.8448275862069,243,0.6939429105929453,-1.830152253641254,0.0,0.0,101325,0.37,0.24912165271203857,-0.387886685950717,49.45121979424561,723203.0846361764,1.321674674082858,255.79164415008918,262.54999999999995,274.25,270.3634303599618,3.9269908169872414,5.1,0,297.15,0,294.15,0,0.16605947184245984,0,297.3051299650067,21.058220341933406,1.1000000000000227,21.0,24.0,2,1,1,0.0,0.3172329617112101,0.0,0.000854358076062396,0.3180873197872725
727200,4.130489175298411e-21,2.3017791862956043e-18,1.098007623528929e-39,0.0,732.4969763207434,566.4000000000001,259.20000000000005,295.4092645830899,77777,727200,104.76612903225806,893.9623619939779,385.7967032967033,255,0.6939429105929453,-1.830152253641254,0.0,0.1,101325,0.24,0.37245434404649114,-0.38779079934601385,49.712946744547,726802.0885490804,1.1983419827484054,259.0279787740378,260.95,278.15,272.4503439718844,3.543018381548489,7.2,0,297.15,0,294.15,0,0.0,0,294.15,22.25926458308993,5.0,21.0,24.0,2,1,1,0.0,0.0,2.3017791862956042e-21,1.098007623528929e-42,2.3017791862956042e-21
730800,0.12307793078225313,120.0538887611345,1.9591882317503315,0.0,808.4299246201471,566.4000000000001,259.20000000000005,297.35447342688775,77777,730800,79.5,920.0861763402747,454.8964785214785,268,0.6939429105929453,-1.830152253641254,0.1,0.4,101325,0.17,0.4556006045977643,-0.38769470664869904,49.974673752600296,730401.0932561301,1.1151957221971323,262.31404353788565,258.75,280.95,273.8478539356771,3.543018381548489,5.7,0,297.15,0,294.15,0,0.22481438814326238,0,294.4522273422808,24.204473426887773,7.800000000000011,21.0,24.0,2,0,1,0.20447342688777326,0.0,0.1200538887611345,0.0019591882317503313,0.12201307699288483
734400,0.2324795162644201,400.2086757499524,13.068966558332827,0.0,854.7773232142066,566.4000000000001,259.20000000000005,297.19635362975026,77777,734400,52.5,930.7757601351351,481.6818181818182,284,0.6939429105929453,-1.830152253641254,0.2,0.8,101325,0.14,0.488914103462295,-0.3875984079315142,50.23640081851823,734000.0987588756,1.0818822233326015,265.9558164321524,259.25,283.75,275.44180849566163,3.543018381548489,4.1,0,297.15,0,294.15,0,0.4229811126052072,0,292.07422664873746,24.046353629750286,10.600000000000023,21.0,24.0,2,0,1,0.04635362975028556,0.0,0.40020867574995245,0.013068966558332827,0.4132776423082853
738000,0.2894864523590806,617.3829049225088,25.23317495685869,0.0,882.9387329378695,566.4000000000001,259.20000000000005,297.1767306057464,77777,738000,26.4375,922.2230113636364,455.85096153846155,294,0.6939429105929453,-1.830152253641254,0.2,0.8,101325,0.17,0.46775034744130717,-0.38750190326733774,50.49812794241341,737599.1050588656,1.1030459793535894,268.31619006928287,262.54999999999995,285.34999999999997,276.8481711737297,0.4014257279586958,2.6,0,297.15,0,294.15,0,0.5265082911275653,0,290.8319005064692,24.026730605746422,12.199999999999989,21.0,24.0,2,0,1,0.026730605746422498,0.0,0.6173829049225088,0.02523317495685869,0.6426160798793675
741600,0.31707723772158286,738.5789149499639,33.15754480079765,0.0,900.0499563752319,566.4000000000001,259.20000000000005,297.1605477895888,77777,741600,5.71875,876.7268808777429,378.50403846153847,291,0.6939429105929453,-1.830152253641254,0.2,0.7000000000000001,101325,0.16,0.3951182139729881,-0.3874051927291847,50.75985512439835,741198.1121576471,1.1756781128219085,267.56175931009443,261.45,284.84999999999997,276.39788217438223,0.4014257279586958,4.6,0,297.15,0,294.15,0,0.5765708270519653,0,290.2311500753764,24.010547789588827,11.699999999999989,21.0,24.0,2,0,1,0.010547789588827072,0.0,0.7385789149499639,0.033157544800797654,0.7717364597507615
745200,0.32805313653964036,789.3025744908064,36.72144395270458,0.0,910.4469633810511,566.4000000000001,259.20000000000005,297.14966836804354,77777,745200,0.0,786.1412021262096,251.50333333333333,290,0.6939429105929453,-1.830152253641254,0.1,0.6000000000000001,101325,0.17,0.2799152198442223,-0.3873082763902069,51.02158236458542,744797.1200567654,1.2908811069506743,267.41164600876914,262.54999999999995,285.34999999999997,276.8481711737297,6.283185307179586,3.6,0,297.15,0,294.15,0,0.5964535072551637,0,289.992557912938,23.999668368043558,12.199999999999989,21.0,24.0,2,1,1,0.0,0.0,0.7893025744908063,0.03672144395270458,0.8260240184435109
748800,0.3047019945206235,678.212757552552,29.424768717463746,0.0,916.7643222193936,566.4000000000001,259.20000000000005,297.1230282442033,77777,748800,6.0574324324324325,413.0837796727182,101.70069444444444,280,0.6939429105929453,-1.830152253641254,0.1,0.7000000000000001,101325,0.37,0.1327400768219511,-0.3872111543236922,51.283309663086904,748396.1287577644,1.4380562499729455,265.1506866237248,268.15,281.45,276.09140436048006,6.283185307179586,3.1,0,297.15,0,294.15,0,0.5538248889985911,0,290.5041013320169,23.973028244203306,8.300000000000011,21.0,24.0,2,1,1,0.0,0.0,0.6782127575525521,0.029424768717463745,0.7076375262700159
752400,0.24644901649927356,442.6920079799559,15.569276621484498,0.0,920.6028226013908,566.4000000000001,259.20000000000005,297.1158009619657,77777,752400,5.500000000000001,39.3095009596929,0.0,275,0.6939429105929453,-1.830152253641254,0.2,0.7000000000000001,101325,0.41000000000000003,-0.03705762335393614,-0.38711382660306487,51.545037020014945,751995.1382621861,1.6078539501488327,263.82173020644774,267.54999999999995,279.25,274.69484455056545,1.9722220547535925,2.1,0,297.15,0,294.15,0,0.44787091580309657,0,291.7755490103628,23.965800961965726,6.100000000000023,21.0,24.0,2,1,1,0.0,0.0,0.4426920079799559,0.015569276621484497,0.4582612846014404
756000,0.19660090419443083,281.72083113223016,7.903941176435248,0.0,922.9351559253716,566.4000000000001,259.20000000000005,297.12222231758676,77777,756000,0.0,0.0,0.0,263,0.6939429105929453,-1.830152253641254,0.1,0.6000000000000001,101325,0.47000000000000003,-0.22220892392496738,-0.3870162933018852,51.80676443548157,755594.1485715712,1.793005250719864,260.86089235618874,267.54999999999995,277.04999999999995,273.35758828567646,2.356194490192345,2.1,0,297.15,0,294.15,0,0.35727803210365083,0,292.8626636147562,23.972222317586784,3.8999999999999773,21.0,24.0,2,1,1,0.0,0.0,0.2817208311322302,0.007903941176435248,0.2896247723086654
759600,3.4787034203563223e-46,2.4376936783627573e-43,7.788201643003857e-90,0.0,718.3176689093785,56.64000000000001,25.92,297.42377072228066,77777,759600,0.0,0.0,0.0,252,0.6939429105929453,-1.830152253641254,0.0,0.6000000000000001,101325,0.59,-0.417160188179974,-0.38691855449384915,52.06849190959869,759193.1596874587,1.9879565149748706,258.3172890350776,268.75,275.34999999999997,272.7353685121976,2.356194490192345,3.1,0,303.15,0,288.15,0,0.0,0,294.15,24.273770722280688,2.1999999999999886,15.0,30.0,0,1,0,0.0,0.0,2.437693678362757e-46,7.788201643003858e-93,2.437693678362757e-46
763200,-3.675513697270819e-78,0.0,8.694377041170255e-154,2.1927675010568583e-75,593.0734586118405,56.64000000000001,25.92,296.578216559898,77777,763200,0.0,0.0,0.0,250,0.6939429105929453,-1.830152253641254,0.0,0.30000000000000004,101325,0.58,-0.6172592239715184,-0.38682061025278863,52.33021944247813,762792.1716113858,2.188055550766415,257.7059947600297,268.15,274.84999999999997,272.23057819556874,3.141592653589793,6.2,0,303.15,0,288.15,0,0.0,0,294.15,23.428216559898033,1.6999999999999886,15.0,30.0,0,1,0,0.0,2.1927675010568583e-78,0.0,8.694377041170256e-157,2.1927675010568583e-78
766800,-8.070032972390253e-112,2.2802436139035414e-109,4.191341014059001e-221,0.0,517.1074183473953,56.64000000000001,25.92,295.81450686987705,77777,766800,0.0,0.0,0.0,245,0.6939429105929453,-1.830152253641254,0.0,0.1,101325,0.5700000000000001,-0.8175357289844256,-0.3867224606526708,52.59194703423156,766391.1843448884,2.388332055779322,256.41346954693404,267.04999999999995,273.75,271.2021284697879,5.113814708343385,2.6,0,303.15,0,288.15,0,0.0,0,294.15,22.664506869877073,0.6000000000000227,15.0,30.0,0,1,0,0.0,0.0,2.2802436139035414e-112,4.1913410140590007e-224,2.2802436139035414e-112
770400,9.509118789293708e-145,0.0,5.819463173360135e-287,2.24314569799855e-141,471.0307233868076,56.64000000000001,25.92,295.02835503687345,77777,770400,0.0,0.0,0.0,243,0.6939429105929453,-1.830152253641254,0.0,0.0,101325,0.6,-1.0100873725878388,-0.38662410576759837,52.853674684970535,769990.1978895005,2.5808836993827353,255.85146742189963,267.04999999999995,273.15,270.8529351442124,3.141592653589793,6.7,0,303.15,0,288.15,0,0.0,0,294.15,21.878355036873472,0.0,15.0,30.0,0,1,0,0.0,2.24314569799855e-144,0.0,5.819463173360135e-290,2.24314569799855e-144
774000,3.304094583975524e-178,0.0,0.0,1.113770916104012e-174,443.08321143145884,56.64000000000001,25.92,294.37530657822975,77777,774000,0.0,0.0,0.0,243,0.6939429105929453,-1.830152253641254,0.0,0.0,101325,0.6,-1.1759239469305474,-0.3865255456718091,53.115402394806495,773589.2122467547,2.746720273725444,255.85146742189963,267.04999999999995,273.15,270.8529351442124,3.141592653589793,6.7,0,303.15,0,288.15,0,0.0,0,294.15,21.225306578229777,0.0,15.0,30.0,0,1,0,0.0,1.1137709161040119e-177,0.0,0.0,1.1137709161040119e-177
777600,-1.5403490892827056e-211,2.030918086135484e-208,0.0,0.0,426.13183448998274,56.64000000000001,25.92,293.76167301963756,77777,777600,0.0,0.0,0.0,241,0.6939429105929453,-1.830152253641254,0.0,0.0,101325,0.52,-1.2622273337403485,-0.38642678043967577,53.37713016385078,777188.2274181816,2.833023660535245,255.44506929986176,265.34999999999997,273.15,270.37678475654525,3.543018381548489,7.2,0,303.15,0,288.15,0,0.0,0,294.15,20.61167301963758,0.0,15.0,30.0,0,1,0,0.0,0.0,2.030918086135484e-211,0.0,2.030918086135484e-211
781200,-1.5436221547103761e-287,2.4561568731073582e-284,0.0,0.0,415.8501607896894,56.64000000000001,25.92,293.43178286931015,77777,781200,0.0,0.0,0.0,250,0.6939429105929453,-1.830152253641254,0.0,0.0,101325,0.37,-1.205495645124043,-0.386327810145706,53.638857992214604,780787.2434053107,2.7762919719189396,257.67294190519954,263.75,275.95,271.7354171667057,3.543018381548489,8.2,0,303.15,0,288.15,0,0.0,0,294.15,20.281782869310177,2.8000000000000114,15.0,30.0,0,1,0,0.0,0.0,2.456156873107358e-287,0.0,2.456156873107358e-287
784800,-5e-324,9.367e-321,0.0,0.0,409.61378139067017,56.64000000000001,25.92,292.9840340247664,77777,784800,0.0,0.0,0.0,249,0.6939429105929453,-1.830152253641254,0.0,0.0,101325,0.35000000000000003,-1.0512747984097817,-0.3862286348645421,53.90058588000903,784386.2602096695,2.622071125204678,257.5253798047239,263.15,275.95,271.59346783927634,3.543018381548489,7.7,0,303.15,0,288.15,0,0.0,0,294.15,19.834034024766424,2.8000000000000114,15.0,30.0,0,1,0,0.0,0.0,1e-323,0.0,1e-323
788400,0.0,0.0,0.0,0.0,405.8311580465304,56.64000000000001,25.92,292.6656736620956,77777,788400,0.0,0.0,0.0,253,0.6939429105929453,-1.830152253641254,0.0,0.0,101325,0.26,-0.8623525474914464,-0.38612925467096093,54.16231382734506,787985.2778327838,2.433148874286343,258.46922706717305,260.95,277.54999999999995,272.16128321325317,3.141592653589793,7.7,0,303.15,0,288.15,0,0.0,0,294.15,19.51567366209565,4.399999999999977,15.0,30.0,0,1,0,0.0,0.0,0.0,0.0,0.0
792000,0.0,0.0,0.0,0.0,403.53683974930146,56.64000000000001,25.92,292.28445423092086,77777,792000,0.0,0.0,0.0,253,0.6939429105929453,-1.830152253641254,0.0,0.0,101325,0.26,-0.6628517483155538,-0.3860296696398734,54.424041834333515,791584.2962761781,2.2336480751104504,258.46922706717305,260.95,277.54999999999995,272.16128321325317,3.141592653589793,7.7,0,303.15,0,288.15,0,0.0,0,294.15,19.13445423092088,4.399999999999977,15.0,30.0,0,1,0,0.0,0.0,0.0,0.0,0.0
795600,0.0,0.0,0.0,0.0,402.1452403300373,56.64000000000001,25.92,291.69927561312045,77777,795600,0.0,0.0,0.0,248,0.6939429105929453,-1.830152253641254,0.0,0.0,101325,0.3,-0.46210629114943913,-0.38592987984632476,54.685769901085166,795183.3155413751,2.0329026179443357,257.1040589756912,261.45,275.95,271.2363016266969,3.543018381548489,8.8,0,303.15,0,288.15,0,0.0,0,294.15,18.54927561312047,2.8000000000000114,15.0,30.0,0,1,0,0.0,0.0,0.0,0.0,0.0
799200,0.0,0.0,0.0,0.0,401.30117743517366,56.64000000000001,25.92,291.1240112081608,77777,799200,0.0,0.0,0.0,244,0.6939429105929453,-1.830152253641254,0.0,0.0,101325,0.34,-0.26542411521110454,-0.3858298853654944,54.947498027710594,798782.3356298957,1.836220442006001,256.2278384205492,262.04999999999995,274.84999999999997,270.6477697041321,3.543018381548489,5.1,0,303.15,0,288.15,0,0.0,0,294.15,17.974011208160846,1.6999999999999886,15.0,30.0,0,1,0,0.0,0.0,0.0,0.0,0.0
802800,0.0,0.0,0.0,0.0,400.7892182027811,56.64000000000001,25.92,290.66176545790887,77777,802800,9.201923076923077,27.383602150537637,1.9701086956521718,254,0.6939429105929453,-1.830152253641254,0.30000000000000004,0.30000000000000004,101325,0.32,-0.07739153750710215,-0.38572968627269516,55.2092262143203,802381.3565432593,1.6481878643019987,258.8048525317215,261.45,274.84999999999997,270.51293740938013,3.543018381548489,6.7,0,303.15,0,288.15,0,0.0,0,294.15,17.511765457908893,1.6999999999999886,15.0,30.0,0,1,0,0.0,0.0,0.0,0.0,0.0
806400,0.0,0.0,0.0,0.0,400.47869364681856,56.64000000000001,25.92,290.7657202127744,77777,806400,73.78927410617551,356.99670570508874,96.48290548874498,256,0.6939429105929453,-1.830152253641254,0.30000000000000004,0.8,101325,0.31,0.09673183627531978,-0.3856292826433736,55.470954461024654,805980.3782829837,1.4740644905195768,259.27566361509736,261.45,275.34999999999997,270.8382434525226,3.543018381548489,7.7,0,303.15,0,288.15,0,0.0,0,294.15,17.61572021277442,2.1999999999999886,21.0,24.0,2,0,1,3.38427978722558,0.0,0.0,0.0,0.0
810000,1.1179981211754416e-09,1.9963247360850716e-07,8.04428602741776e-17,0.0,606.968981853454,566.4000000000001,259.20000000000005,294.4990210485752,77777,810000,114.25880281690141,699.3057461289495,235.16156914893617,271,0.6939429105929453,-1.830152253641254,0.4,0.8,101325,0.25,0.2501258851772159,-0.38552867455311,55.73268276793391,809579.400850585,1.3206704416176807,262.9951835940434,261.45,278.75,272.9783584527755,3.543018381548489,5.7,0,297.15,0,294.15,0,0.0,0,294.15,21.349021048575196,5.600000000000023,21.0,24.0,2,1,1,0.0,0.0,1.9963247360850716e-10,8.04428602741776e-20,1.9963247368895e-10
813600,4.113283541339998e-50,5.23573073587159e-47,1.0888865328221164e-97,0.0,732.7097484126219,566.4000000000001,259.20000000000005,296.6382449029614,88888,813600,96.0,802.4882881206873,347.95272435897436,287,0.6939429105929453,-1.830152253641254,0.5,0.9,101325,0.25,0.37389168804455264,-0.3854278620776176,55.9944111351582,813178.4242475774,1.196904638750344,266.6336210941489,263.75,281.45,274.96557984086945,3.543018381548489,7.2,0,297.15,0,294.15,0,0.0,0,294.15,23.488244902961412,8.300000000000011,21.0,24.0,2,1,1,0.0,0.0,5.23573073587159e-50,1.0888865328221165e-100,5.23573073587159e-50
817200,0.18374769503304395,252.34509202479285,6.45291313197567,0.0,808.4049676350103,566.4000000000001,259.20000000000005,297.2207688167488,88888,817200,74.0,872.6179966044143,431.456840034965,301,0.6939429105929453,-1.830152253641254,0.5,0.8,101325,0.2,0.4575033104920765,-0.3853268452927429,56.25613956280754,816777.448475474,1.11329301630282,269.85463481495225,263.75,284.84999999999997,276.8549959751253,3.141592653589793,5.7,0,297.15,0,294.15,0,0.33453050850241667,0,293.135633897971,24.070768816748796,11.699999999999989,21.0,24.0,2,0,1,0.07076881674879587,0.0,0.2523450920247928,0.00645291313197567,0.2587980051567685
820800,0.2666063329926097,525.2763682009772,19.710675285825204,0.0,854.7633783183593,566.4000000000001,259.20000000000005,297.1903146905884,77777,820800,50.43333333333333,904.839605734767,469.6447711916462,310,0.6939429105929453,-1.830152253641254,0.4,1.0,101325,0.17,0.49124457086891526,-0.38522562427446533,56.517868050991815,820376.4735357857,1.0795517559259813,272.0273839119904,264.25,287.54999999999995,278.3086483894256,3.141592653589793,4.1,0,297.15,0,294.15,0,0.4849939718123575,0,291.3300723382517,24.040314690588446,14.399999999999977,21.0,24.0,2,0,1,0.0403146905884455,0.0,0.5252763682009772,0.019710675285825204,0.5449870434868024
824400,0.31704687648110863,740.0699766042749,33.148246195622654,0.0,882.9315616885702,566.4000000000001,259.20000000000005,297.1728857889568,77777,824400,24.633333333333333,890.9754935720845,442.0578252671276,317,0.6939429105929453,-1.830152253641254,0.4,1.0,101325,0.18,0.47039579662552744,-0.38512419909889706,56.77959659982079,823975.4994300219,1.1004005301693691,273.44670628234746,265.34999999999997,288.75,279.2318281941719,3.543018381548489,3.6,0,297.15,0,294.15,0,0.5765931936833972,0,290.2308816757992,24.02288578895684,15.600000000000023,21.0,24.0,2,0,1,0.02288578895684168,0.0,0.7400699766042749,0.033148246195622656,0.7732182227998975
828000,0.34058388525075767,852.2429471869066,41.09248500245135,0.0,900.046914752104,566.4000000000001,259.20000000000005,297.1588279992304,77777,828000,4.495833333333332,842.8054907433656,361.87571483034696,314,0.6939429105929453,-1.830152253641254,0.4,1.0,101325,0.22,0.3979345795153999,-0.3850225698422828,57.04132520940413,827574.5261596905,1.1728617472794967,272.74353410793304,267.04999999999995,287.54999999999995,278.9510312349003,5.497787143782138,3.1,0,297.15,0,294.15,0,0.6192992581981773,0,289.71840890162184,24.008827999230448,14.399999999999977,21.0,24.0,2,0,1,0.008827999230447858,0.0,0.8522429471869066,0.04109248500245135,0.893335432189358
831600,0.35140065843444496,906.0032765785402,45.133377201458785,0.0,910.4464661174459,566.4000000000001,259.20000000000005,297.1492135340255,77777,831600,0.0,743.0964389216043,241.60440718078965,319,0.6939429105929453,-1.830152253641254,0.4,1.0,101325,0.16,0.28278237265397443,-0.3849207365809999,57.30305387985135,831173.5537262975,1.2880139541409221,273.7911030968813,264.84999999999997,289.25,279.28082292569854,0.4014257279586958,3.6,0,297.15,0,294.15,0,0.638899368595169,0,289.4832075768579,23.9992135340255,16.100000000000023,21.0,24.0,2,1,1,0.0,0.0,0.9060032765785402,0.04513337720145878,0.951136653779999
835200,0.32420562579393464,768.70954754075,35.44473706925918,0.0,916.7653922199817,566.4000000000001,259.20000000000005,297.1257856987324,77777,835200,6.010714285714286,404.3979642940613,100.11983834827146,299,0.6939429105929453,-1.830152253641254,0.30000000000000004,1.0,101325,0.4,0.13558457145872493,-0.3848186993915576,57.564782611271845,834772.5821313473,1.4352117553361716,269.57025938143397,270.95,283.75,278.1861985535716,6.283185307179586,4.1,0,297.15,0,294.15,0,0.5893095684684989,0,290.078285178378,23.97578569873241,10.600000000000023,21.0,24.0,2,1,1,0.0,0.0,0.76870954754075,0.035444737069259186,0.8041542846100093
838800,0.27443945449541646,549.8982355106397,21.49956937029332,0.0,920.6048683218028,566.4000000000001,259.20000000000005,297.11871658837043,77777,838800,5.500000000000001,44.09266802443992,1.6732954545454604,291,0.6939429105929453,-1.830152253641254,0.2,0.9,101325,0.41000000000000003,-0.03426867373799025,-0.3847164583505974,57.82651140377491,838371.6113763427,1.6050650005328868,267.62507232663,270.34999999999997,282.54999999999995,277.33509822924674,0.7853981633974483,3.6,0,297.15,0,294.15,0,0.49877813122356884,0,291.16466242531715,23.968716588370455,9.399999999999977,21.0,24.0,2,1,1,0.0,0.0,0.5498982355106397,0.02149956937029332,0.571397804880933
842400,0.2219303813813294,359.33702170015727,11.369474643649392,0.0,922.9377912973366,566.4000000000001,259.20000000000005,297.12128313272234,77777,842400,0.0,0.0,0.0,272,0.6939429105929453,-1.830152253641254,0.2,0.8,101325,0.48,-0.21948110588771508,-0.3846140135348928,58.088240257469714,841970.6414627848,1.7902774326826116,263.07328156565245,268.75,278.15,274.3512176688561,1.5707963267948966,2.1,0,297.15,0,294.15,0,0.4033281387180407,0,292.31006233538346,23.971283132722363,5.0,21.0,24.0,2,1,1,0.0,0.0,0.35933702170015724,0.011369474643649392,0.37070649634380665
846000,1.3142384209835022e-43,1.0056667441656355e-40,1.1116130834658808e-84,0.0,718.3204499524107,56.64000000000001,25.92,297.98521599263853,77777,846000,0.0,0.0,0.0,264,0.6939429105929453,-1.830152253641254,0.2,0.7000000000000001,101325,0.59,-0.4144809077984086,-0.3845113650213489,58.34996917246528,845569.6723921731,1.9852772345933052,261.11206776218324,269.25,275.95,273.262866071176,3.543018381548489,2.1,0,303.15,0,288.15,0,0.0,0,294.15,24.835215992638553,2.8000000000000114,15.0,30.0,0,1,0,0.0,0.0,1.0056667441656355e-43,1.1116130834658807e-87,1.0056667441656355e-43
849600,-1.3527926979860572e-75,0.0,1.1777899161442916e-148,9.271306677384371e-73,593.0758016161159,56.64000000000001,25.92,297.1754730463485,77777,849600,0.0,0.0,0.0,261,0.6939429105929453,-1.830152253641254,0.2,0.6000000000000001,101325,0.62,-0.6146005952447755,-0.3844085128870023,58.61169814887054,849168.7041660051,2.185396922039672,260.54432998121814,269.25,275.34999999999997,272.9331382260242,4.328416544945937,4.1,0,303.15,0,288.15,0,0.0,0,294.15,24.02547304634851,2.1999999999999886,15.0,30.0,0,1,0,0.0,9.271306677384371e-76,0.0,1.1777899161442916e-151,9.271306677384371e-76
853200,-3.0939158726569694e-109,6.479252199909103e-107,6.160590360675824e-216,0.0,517.1092374846764,56.64000000000001,25.92,296.39250240452367,77777,853200,0.0,0.0,0.0,254,0.6939429105929453,-1.830152253641254,0.1,0.4,101325,0.7000000000000001,-0.8148519329028727,-0.38430545720902093,58.87342718679425,852767.7367857768,2.3856482596977693,258.7702208429949,269.84999999999997,274.25,272.44880554211,3.543018381548489,4.1,0,303.15,0,288.15,0,0.0,0,294.15,23.24250240452369,1.1000000000000227,15.0,30.0,0,1,0,0.0,0.0,6.479252199909103e-110,6.160590360675824e-219,6.479252199909103e-110
856800,3.422322166132206e-142,0.0,7.53784341089998e-282,6.413718813688898e-139,471.03206817968,56.64000000000001,25.92,295.62132498771985,77777,856800,0.0,0.0,0.0,245,0.6939429105929453,-1.830152253641254,0.0,0.1,101325,0.72,-1.007312405166985,-0.38420219806470424,59.135156286345136,856366.7702529827,2.5781087319618816,256.37074529732075,269.25,273.15,271.55656220781543,3.543018381548489,3.6,0,303.15,0,288.15,0,0.0,0,294.15,22.471324987719868,0.0,15.0,30.0,0,1,0,0.0,6.413718813688898e-142,0.0,7.537843410899979e-285,6.413718813688898e-142
860400,1.2331186828285601e-175,0.0,0.0,3.778758460903906e-172,443.08417353108376,56.64000000000001,25.92,294.94323411354867,77777,860400,0.0,0.0,0.0,244,0.6939429105929453,-1.830152253641254,0.0,0.0,101325,0.66,-1.1730313187395627,-0.3840987355314823,59.396885447631696,859965.8045691154,2.7438276455344592,256.11203372276555,268.15,273.15,271.2063284070813,3.543018381548489,4.6,0,303.15,0,288.15,0,0.0,0,294.15,21.793234113548692,0.0,15.0,30.0,0,1,0,0.0,3.778758460903906e-175,0.0,0.0,3.778758460903906e-175
864000,-5.445127785698683e-209,6.903240023309237e-206,0.0,0.0,426.13250685818446,56.64000000000001,25.92,294.3166677178254,77777,864000,0.0,0.0,0.0,243,0.6939429105929453,-1.830152253641254,0.0,0.0,101325,0.62,-1.2596806099802915,-0.3839950696869164,59.65861467076238,863564.8397356656,2.830476936775188,255.97013811477055,267.54999999999995,273.15,270.971085558856,3.543018381548489,5.1,0,303.15,0,288.15,0,0.0,0,294.15,21.16666771782542,0.0,15.0,30.0,0,1,0,0.0,0.0,6.903240023309237e-209,0.0,6.903240023309237e-209
867600,-1.6970709867305106e-286,2.6895501680311557e-283,0.0,0.0,415.8507124012626,56.64000000000001,25.92,293.7292343004192,77777,867600,0.0,0.0,0.0,248,0.6939429105929453,-1.830152253641254,0.1,0.1,101325,0.6,-1.2041482479568262,-0.3838912006086981,59.92034395584549,867163.8757541229,2.7749445747517227,257.06954883361817,267.04999999999995,273.15,270.8529351442124,3.543018381548489,4.6,0,303.15,0,288.15,0,0.0,0,294.15,20.579234300419216,0.0,15.0,30.0,0,1,0,0.0,0.0,2.689550168031156e-286,0.0,2.689550168031156e-286
871200,-5e-324,9.353e-321,0.0,0.0,409.614148640923,56.64000000000001,25.92,293.1775318013166,77777,871200,0.0,0.0,0.0,250,0.6939429105929453,-1.830152253641254,0.2,0.2,101325,0.54,-1.0507633817858815,-0.3837871283746498,60.1820733029892,870762.9126259745,2.621559708580778,257.674523054127,265.95,273.15,270.49635653769724,3.9269908169872414,3.6,0,303.15,0,288.15,0,0.0,0,294.15,20.027531801316627,0.0,15.0,30.0,0,1,0,0.0,0.0,1e-323,0.0,1e-323
874800,-5e-324,1.075e-320,0.0,0.0,405.83140061782956,56.64000000000001,25.92,292.5200076423185,77777,874800,0.0,0.0,0.0,251,0.6939429105929453,-1.830152253641254,0.4,0.4,101325,0.66,-0.8621867672938146,-0.383682853062724,60.443802712301554,874361.9503527065,2.432983094088711,258.04165694336007,267.04999999999995,272.04999999999995,270.2082140275821,3.543018381548489,4.1,0,303.15,0,288.15,0,0.0,0,294.15,19.370007642318512,-1.1000000000000227,15.0,30.0,0,1,0,0.0,0.0,1e-323,0.0,1e-323
878400,-5e-324,1.1507e-320,0.0,0.0,403.53699889981704,56.64000000000001,25.92,292.1538248754555,88888,878400,0.0,0.0,0.0,263,0.6939429105929453,-1.830152253641254,0.6000000000000001,0.7000000000000001,101325,0.52,-0.66278327167693,-0.38357837475100337,60.70553218389048,877960.9889358028,2.2335795984718265,261.04953177997487,266.45,274.25,271.32519168796483,3.543018381548489,4.6,0,303.15,0,288.15,0,0.0,0,294.15,19.003824875455507,1.1000000000000227,15.0,30.0,0,1,0,0.0,0.0,1e-323,0.0,1e-323
882000,-5e-324,1.254e-320,0.0,0.0,402.1453441526647,56.64000000000001,25.92,291.8377255056333,88888,882000,0.0,0.0,0.0,287,0.6939429105929453,-1.830152253641254,1.0,1.0,101325,0.42,-0.4619988291271775,-0.3834736935177009,60.967261717863785,881560.028376746,2.032795155922074,266.76454774833036,264.84999999999997,275.34999999999997,271.59471711720823,3.543018381548489,4.6,0,303.15,0,288.15,0,0.0,0,294.15,18.687725505633296,2.1999999999999886,15.0,30.0,0,1,0,0.0,0.0,1.5e-323,0.0,1.5e-323
885600,0.0,0.0,0.0,0.0,401.3012448303592,56.64000000000001,25.92,291.44026365493863,88888,885600,0.0,0.0,0.0,288,0.6939429105929453,-1.830152253641254,1.0,1.0,101325,0.44,-0.2651839159554379,-0.38336880944115875,61.228991314329164,885159.0686770168,1.8359802427503344,266.89033840867205,265.34999999999997,275.34999999999997,271.7306909323084,2.356194490192345,3.6,0,303.15,0,288.15,0,0.0,0,294.15,18.290263654938656,2.1999999999999886,15.0,30.0,0,1,0,0.0,0.0,0.0,0.0,0.0
889200,0.0,0.0,0.0,0.0,400.7892617631689,56.64000000000001,25.92,291.0725300348745,42700,889200,0.7500000000000013,0.9642857142857142,0.18750000000000092,291,0.6939429105929453,-1.830152253641254,1.0,1.0,101325,0.46,-0.07693854795796451,-0.38326372259984925,61.49072097339416,888758.109838094,1.647734874752861,267.7477902285444,266.45,275.95,272.36776457806167,3.141592653589793,5.1,0,303.15,0,288.15,0,0.0,0,294.15,17.922530034874512,2.8000000000000114,15.0,30.0,0,1,0,0.0,0.0,0.0,0.0,0.0
892800,0.0,0.0,0.0,0.0,400.4787216950008,56.64000000000001,25.92,290.739089812672,42700,892800,39.1875,5.598214285714286,39.952330508474574,293,0.6939429105929453,-1.830152253641254,1.0,1.0,101325,0.51,0.09747615001131127,-0.38315843307237385,61.75245069516618,892357.151861455,1.4733201767835853,268.02169447058776,267.54999999999995,275.95,272.7145699847364,3.141592653589793,5.1,0,303.15,0,288.15,0,0.0,0,294.15,17.589089812672,2.8000000000000114,21.0,24.0,2,0,1,3.4109101873279997,0.0,0.0,0.0,0.0
896400,0.10272095659479714,0.0,1.1714753123664734,405.697944628701,606.893096050984,566.4000000000001,259.20000000000005,294.16988455082964,42700,896400,94.77272727272727,13.690692848020433,97.1394487708047,301,0.6939429105929453,-1.830152253641254,1.0,1.0,101325,0.31,0.25124033104584376,-0.3830529409374634,62.01418047975256,895956.1947485752,1.3195559957490528,269.90516590329844,264.25,278.75,273.4764196583042,3.141592653589793,5.1,0,297.15,0,294.15,0,0.18664320622742292,0,297.696220918321,21.01988455082966,5.600000000000023,21.0,24.0,2,1,1,0.0,0.405697944628701,0.0,0.0011714753123664733,0.4068694199410675
900000,0.0808550168324674,0.0,0.6147294550960113,251.7391646157723,732.322430618847,566.4000000000001,259.20000000000005,294.1626018951298,42700,900000,142.93977272727273,21.41924582441824,144.56217093717095,301,0.6939429105929453,-1.830152253641254,1.0,1.0,101325,0.26,0.37544437030799793,-0.38294724627397786,62.275910327260476,899555.2385009286,1.1953519564868986,269.95063362837726,262.54999999999995,279.25,273.4348048454462,3.543018381548489,5.7,0,297.15,0,294.15,0,0.1469265116425588,0,296.9416037212086,21.01260189512982,6.100000000000023,21.0,24.0,2,1,1,0.0,0.2517391646157723,0.0,0.0006147294550960113,0.2523538940708683
903600,0.027695442486306145,0.0,0.052134254892121645,25.764841745930088,808.535996643153,566.4000000000001,259.20000000000005,294.2596788194708,42700,903600,116.49473684210525,396.06753841805397,288.71811354193903,309,0.6939429105929453,-1.830152253641254,1.0,1.0,101325,0.25,0.4595240122222488,-0.3828413491609059,62.53764023779698,903154.2831199873,1.1112723145726477,271.75035906028904,263.15,280.95,274.60038293680793,3.141592653589793,5.1,0,297.15,0,294.15,0,0.049542194606575385,0,295.0913016975249,21.109678819470844,7.800000000000011,21.0,24.0,2,1,1,0.0,0.02576484174593009,0.0,5.2134254892121643e-05,0.02581697600082221
907200,0.0039842543950387695,0.478414869834611,0.0010228420043012925,0.0,854.9441674850822,566.4000000000001,259.20000000000005,297.20706026119194,88888,907200,49.85526315789474,875.8828875612814,459.4645590486283,309,0.6939429105929453,-1.830152253641254,0.6000000000000001,0.8,101325,0.19,0.4936909253061701,-0.3827352496773653,62.79937021146898,906753.3286072216,1.0771054014887265,271.6234163543861,264.25,285.95,277.4893867359498,3.141592653589793,5.1,0,297.15,0,294.15,0,0.008264373007898519,0,297.0508275239052,24.057060261191964,12.800000000000011,21.0,24.0,2,0,1,0.057060261191963946,0.0,0.000478414869834611,1.0228420043012925e-06,0.0004794377118389123
910800,0.21347828567319493,337.9039128630993,10.119387606700585,0.0,882.9615894408898,566.4000000000001,259.20000000000005,297.19589798843697,88888,910800,23.937499999999996,911.9227434563342,454.2318295739348,316,0.6939429105929453,-1.830152253641254,0.4,0.6000000000000001,101325,0.17,0.473149132966475,-0.382628947902602,63.0611002483833,910352.3749641001,1.0976471938284216,273.31782547700766,264.84999999999997,288.75,279.09525157670726,3.141592653589793,3.1,0,297.15,0,294.15,0,0.3884260054171754,0,292.4888879349939,24.04589798843699,15.600000000000023,21.0,24.0,2,0,1,0.045897988436991,0.0,0.33790391286309934,0.010119387606700584,0.3480233004697999
914400,0.25744548268765394,487.9148218530913,17.747980337162343,0.0,900.0665240575523,566.4000000000001,259.20000000000005,297.1680654832273,77777,914400,4.784722222222221,874.8845310781874,377.2948717948718,304,0.6939429105929453,-1.830152253641254,0.2,0.4,101325,0.13,0.4008463166330758,-0.3825224439159905,63.32283034864661,913951.4221920897,1.1699500101618208,270.6614742678733,261.45,288.15,278.1652743011197,1.1868238913561442,4.1,0,297.15,0,294.15,0,0.46819730108997865,0,291.53163238692025,24.018065483227304,15.0,21.0,24.0,2,0,1,0.018065483227303503,0.0,0.4879148218530913,0.017747980337162343,0.5056628021902536
918000,0.2785627273736218,569.8788074399145,22.48340736129446,0.0,910.459746127427,566.4000000000001,259.20000000000005,297.15649554022065,77777,918000,0.0,785.1569026985212,255.8378744543128,304,0.6939429105929453,-1.830152253641254,0.2,0.4,101325,0.13,0.2857307852979474,-0.3824157377970336,63.58456051236545,917550.4702926556,1.2850655414969492,270.6614742678733,261.45,288.15,278.1652743011197,1.5707963267948966,4.1,0,297.15,0,294.15,0,0.5065158933529553,0,291.0718092797645,24.00649554022067,15.0,21.0,24.0,2,0,1,0.006495540220669227,0.0,0.5698788074399145,0.02248340736129446,0.592362214801209
921600,0.2711040542035795,537.3069182985877,20.725315391273398,0.0,916.7748499711043,566.4000000000001,259.20000000000005,297.13111042611007,77777,921600,4.448275862068965,465.17428290150804,107.72768068020787,293,0.6939429105929453,-1.830152253641254,0.0,0.0,101325,0.17,0.13849709804165133,-0.382308829625362,63.84629073964626,921149.5192672613,1.4322992287532452,268.03775312153476,263.75,287.04999999999995,277.978862012597,1.5707963267948966,4.6,0,297.15,0,294.15,0,0.4927886728071791,0,291.2365359263138,23.981110426110092,13.899999999999977,21.0,24.0,2,1,1,0.0,0.0,0.5373069182985877,0.020725315391273397,0.5580322336898611
925200,0.21358656136768076,331.808685723172,10.134793007858491,0.0,920.6120199001182,566.4000000000001,259.20000000000005,297.110667010621,77777,925200,4.000000000000001,58.23867521367521,3.8836206896551744,280,0.6939429105929453,-1.830152253641254,0.0,0.0,101325,0.45,-0.03142273287108033,-0.38220171948073417,64.10802103059532,924748.5691173683,1.6022190596659769,265.13317422753175,270.95,282.04999999999995,277.310334390135,6.283185307179586,5.1,0,297.15,0,294.15,0,0.38808944316474087,0,292.4929266820231,23.960667010621023,8.899999999999977,21.0,24.0,2,1,1,0.0,0.0,0.331808685723172,0.010134793007858491,0.3419434787310305
928800,0.15846647574666461,182.8067736694161,4.13922665585414,0.0,922.943550058119,566.4000000000001,259.20000000000005,297.12262708386453,77777,928800,0.0,0.0,0.0,266,0.6939429105929453,-1.830152253641254,0.0,0.0,101325,0.51,-0.216704647326996,-0.38209440744303647,64.36975138531882,928347.6198444366,1.7875009741218926,261.76996390444873,269.84999999999997,278.75,275.08902980181955,0.4014257279586958,3.1,0,297.15,0,294.15,0,0.28794741465618623,0,293.6946310241257,23.972627083864552,5.600000000000023,21.0,24.0,2,1,1,0.0,0.0,0.18280677366941608,0.004139226655854139,0.18694600032527023
932400,-7.390640969130237e-53,0.0,3.515382098322237e-103,1.1578555490566626e-49,718.3247943250152,56.64000000000001,25.92,296.7692274532248,77777,932400,0.0,0.0,0.0,261,0.6939429105929453,-1.830152253641254,0.0,0.0,101325,0.51,-0.4117583790070911,-0.38198689359228255,64.63148180392278,931946.6714499244,1.9825547058019877,260.38120055088353,268.75,277.54999999999995,274.0740345325147,0.7853981633974483,3.1,0,303.15,0,288.15,0,0.0,0,294.15,23.619227453224823,4.399999999999977,15.0,30.0,0,1,0,0.0,1.1578555490566626e-52,0.0,3.515382098322237e-106,1.1578555490566626e-52
936000,4.5472500684452593e-104,0.0,1.330779195668598e-205,1.639320505256458e-101,593.0791042890347,56.64000000000001,25.92,296.05068853132815,77777,936000,0.0,0.0,0.0,258,0.6939429105929453,-1.830152253641254,0.0,0.0,101325,0.47000000000000003,-0.6119006593559901,-0.3818791780086135,64.89321228651312,935545.7239352881,2.1826969861508867,259.62484629213685,267.54999999999995,277.04999999999995,273.35758828567646,1.5707963267948966,2.6,0,303.15,0,288.15,0,0.0,0,294.15,22.90068853132817,3.8999999999999773,15.0,30.0,0,1,0,0.0,1.639320505256458e-104,0.0,1.330779195668598e-208,1.639320505256458e-104
939600,2.449650300825017e-155,0.0,3.862037699950003e-308,5.256049494976632e-152,517.1116456451482,56.64000000000001,25.92,295.221064053216,77777,939600,0.0,0.0,0.0,250,0.6939429105929453,-1.830152253641254,0.0,0.0,101325,0.55,-0.8121241061315763,-0.38177126077229745,65.15494283319562,939144.7773019824,2.382920432926473,257.5632160382379,267.54999999999995,274.84999999999997,272.03623585386,3.141592653589793,4.1,0,303.15,0,288.15,0,0.0,0,294.15,22.07106405321605,1.6999999999999886,15.0,30.0,0,1,0,0.0,5.256049494976632e-155,0.0,3.86203769995e-311,5.256049494976632e-155
943200,-5.239111810895182e-206,5.0696902309035706e-203,0.0,0.0,471.033774453312,56.64000000000001,25.92,294.4601052780504,77777,943200,0.0,0.0,0.0,247,0.6939429105929453,-1.830152253641254,0.0,0.0,101325,0.6900000000000001,-1.0044831842483952,-0.38166314196372964,65.41667344407595,942743.8315514602,2.575279511043292,256.9338880656839,269.25,273.75,271.93050666182916,3.543018381548489,5.7,0,303.15,0,288.15,0,0.0,0,294.15,21.3101052780504,0.6000000000000227,15.0,30.0,0,1,0,0.0,0.0,5.06969023090357e-206,0.0,5.06969023090357e-206
946800,3.1866946641437866e-257,0.0,0.0,1.3399859931079838e-253,443.08535744065057,56.64000000000001,25.92,293.70211930851855,77777,946800,0.0,0.0,0.0,242,0.6939429105929453,-1.830152253641254,0.0,0.0,101325,0.6900000000000001,-1.1700606943167746,-0.3815548216634319,65.67840411925967,946342.8866851727,2.740857021111671,255.54945923902525,268.15,272.54999999999995,270.8325101393897,3.543018381548489,5.7,0,303.15,0,288.15,0,0.0,0,294.15,20.55211930851857,-0.6000000000000227,15.0,30.0,0,1,0,0.0,1.339985993107984e-256,0.0,0.0,1.339985993107984e-256
950400,-3.14962692791e-311,4.726095264904979e-308,0.0,0.0,426.13331531479764,56.64000000000001,25.92,293.15720737889814,77777,950400,0.0,0.0,0.0,244,0.6939429105929453,-1.830152253641254,0.0,0.0,101325,0.66,-1.2570148235475225,-0.38144629995205287,65.94013485885212,949941.9427045692,2.827811150342419,256.11203372276555,268.15,273.15,271.2063284070813,3.543018381548489,4.6,0,303.15,0,288.15,0,0.0,0,294.15,20.00720737889816,0.0,15.0,30.0,0,1,0,0.0,0.0,4.726095264905e-311,0.0,4.726095264905e-311
954000,-5e-324,8.4e-321,0.0,0.0,415.85125743174723,56.64000000000001,25.92,292.6543796822752,77777,954000,0.0,0.0,0.0,246,0.6939429105929453,-1.830152253641254,0.0,0.0,101325,0.63,-1.2026676359798638,-0.38133757691036735,66.20186566295861,953540.9996110974,2.7734639627747604,256.67460820650587,268.15,273.75,271.56802820082794,3.543018381548489,6.7,0,303.15,0,288.15,0,0.0,0,294.15,19.504379682275214,0.6000000000000227,15.0,30.0,0,1,0,0.0,0.0,1e-323,0.0,1e-323
957600,-5e-324,9.57e-321,0.0,0.0,409.6145123829297,56.64000000000001,25.92,292.0857939455641,77777,957600,0.0,0.0,0.0,243,0.6939429105929453,-1.830152253641254,0.0,0.0,101325,0.62,-1.0501362149765376,-0.3812286526192766,66.46359653168429,957140.0574062031,2.620932541771434,255.97013811477055,267.54999999999995,273.15,270.971085558856,3.543018381548489,5.7,0,303.15,0,288.15,0,0.0,0,294.15,18.935793945564114,0.0,15.0,30.0,0,1,0,0.0,0.0,1e-323,0.0,1e-323
961200,-5e-324,1.106e-320,0.0,0.0,405.83164135460765,56.64000000000001,25.92,291.50474989432854,77777,961200,0.0,0.0,0.0,240,0.6939429105929453,-1.830152253641254,0.0,0.0,101325,0.5700000000000001,-0.861918280263049,-0.38111952715980785,66.72532746513417,960739.1160913305,2.4327146070579455,255.02759646686437,265.95,272.54999999999995,270.146950512264,3.543018381548489,4.1,0,303.15,0,288.15,0,0.0,0,294.15,18.354749894328563,-0.6000000000000227,15.0,30.0,0,1,0,0.0,0.0,1e-323,0.0,1e-323
964800,-5e-324,1.2485e-320,0.0,0.0,403.5371571156485,56.64000000000001,25.92,290.9677195255059,77777,964800,0.0,0.0,0.0,240,0.6939429105929453,-1.830152253641254,0.0,0.0,101325,0.5700000000000001,-0.6626181072615114,-0.3810102006131143,66.98705846341313,964338.1756679218,2.233414434056408,255.02759646686437,265.95,272.54999999999995,270.146950512264,3.141592653589793,5.1,0,303.15,0,288.15,0,0.0,0,294.15,17.817719525505936,-0.6000000000000227,15.0,30.0,0,1,0,0.0,0.0,1.5e-323,0.0,1.5e-323
968400,-5e-324,1.375e-320,0.0,0.0,402.14544751640096,56.64000000000001,25.92,290.4516006391326,77777,968400,0.0,0.0,0.0,239,0.6939429105929453,-1.830152253641254,0.0,0.0,101325,0.54,-0.46179619595446253,-0.38090067306047465,67.24878952662594,967937.2361374176,2.032592522749359,254.88395986702292,265.34999999999997,272.54999999999995,269.9737174327058,3.543018381548489,6.7,0,303.15,0,288.15,0,0.0,0,294.15,17.30160063913263,-0.6000000000000227,15.0,30.0,0,1,0,0.0,0.0,1.5e-323,0.0,1.5e-323
972000,-5e-324,1.491e-320,0.0,0.0,401.30131201276504,56.64000000000001,25.92,289.96305891688377,77777,972000,0.0,0.0,0.0,239,0.6939429105929453,-1.830152253641254,0.0,0.0,101325,0.54,-0.2648471723620043,-0.3807909445832934,67.51052065487723,971536.2975012566,1.8356434991569008,254.88395986702292,265.34999999999997,272.54999999999995,269.9737174327058,3.543018381548489,6.2,0,303.15,0,288.15,0,0.0,0,294.15,16.81305891688379,-0.6000000000000227,15.0,30.0,0,1,0,0.0,0.0,1.5e-323,0.0,1.5e-323
975600,-5e-324,1.606e-320,0.0,0.0,400.7893052342794,56.64000000000001,25.92,289.3775139790008,77777,975600,10.982000000000001,61.021484375,3.0694444444444473,234,0.6939429105929453,-1.830152253641254,0.0,0.0,101325,0.62,-0.07638564757546318,-0.3806810152631002,67.7722518482715,975135.3597608758,1.6471819743703597,253.3876680461195,265.34999999999997,270.95,268.99750285192056,3.543018381548489,3.6,0,303.15,0,288.15,0,0.0,0,294.15,16.227513979000832,-2.1999999999999886,15.0,30.0,0,1,0,0.0,0.0,1.5e-323,0.0,1.5e-323
979200,-5e-324,1.545e-320,0.0,0.0,400.47874971317333,56.64000000000001,25.92,289.72493633657086,77777,979200,81.09635820895522,469.0881360438482,108.80230880230881,239,0.6939429105929453,-1.830152253641254,0.0,0.1,101325,0.62,0.09832511125973631,-0.38057088518154997,68.03398310691308,978734.4229177104,1.4724712155351602,254.67878824951205,266.45,272.04999999999995,269.9858092287843,3.141592653589793,2.6,0,303.15,0,288.15,0,0.0,0,294.15,16.574936336570886,-1.1000000000000227,21.0,24.0,2,0,1,4.425063663429114,0.0,1.5e-323,0.0,1.5e-323
982800,0.04343813268861775,0.0,0.1380761543363186,66.9747967569694,606.8945311217033,566.4000000000001,259.20000000000005,294.2554969030001,77777,982800,121.78771321961621,797.3008807744693,261.12643515904387,253,0.6939429105929453,-1.830152253641254,0.0,0.2,101325,0.49,0.2524648174469668,-0.3804605544204226,68.29571443090629,982333.4869731938,1.3183315093479298,258.4741440053934,267.04999999999995,275.95,272.5762305737501,3.141592653589793,2.6,0,297.15,0,294.15,0,0.07824111538595287,0,295.6365811923331,21.10549690300013,2.8000000000000114,21.0,24.0,2,1,1,0.0,0.06697479675696939,0.0,0.0001380761543363186,0.06711287291130572
986400,-8.585166031879111e-40,0.0,4.743608046720911e-77,2.5357920953677803e-36,732.6138965599839,566.4000000000001,259.20000000000005,296.10562810453666,77777,986400,105.95424107142857,889.8366578975916,386.01222826086956,266,0.6939429105929453,-1.830152253641254,0.1,0.30000000000000004,101325,0.33,0.37711196227872934,-0.38035002306162263,68.55744582035517,985932.5519287577,1.1936843645161672,261.79972062789386,264.84999999999997,278.75,273.64095381642426,3.141592653589793,4.1,0,297.15,0,294.15,0,0.0,0,294.15,22.955628104536686,5.600000000000023,21.0,24.0,2,1,1,0.0,2.5357920953677802e-39,0.0,4.743608046720911e-80,2.5357920953677802e-39
990000,0.17030744229616818,217.59918120218595,5.138035115551774,0.0,808.4268798648299,566.4000000000001,259.20000000000005,297.2272775031539,77777,990000,81.65190972222223,936.6484105293441,469.2891328828829,283,0.6939429105929453,-1.830152253641254,0.1,0.30000000000000004,101325,0.29,0.4616620374758633,-0.3802392911871795,68.81917727536373,989531.6177858318,1.1091342893190332,265.7676274441308,266.45,282.54999999999995,276.1641524420934,3.543018381548489,3.6,0,297.15,0,294.15,0,0.31015089021322473,0,293.4281893174413,24.077277503153937,9.399999999999977,21.0,24.0,2,0,1,0.07727750315393678,0.0,0.21759918120218594,0.005138035115551774,0.2227372163177377
993600,0.2559272988722035,484.1698008993799,17.435966548125215,0.0,854.7790718998485,566.4000000000001,259.20000000000005,297.18844902355085,77777,993600,54.00854700854701,954.2710970464135,500.6883145281204,284,0.6939429105929453,-1.830152253641254,0.1,0.30000000000000004,101325,0.25,0.4962522515143968,-0.3801283588792469,69.08090879603581,993130.6845458442,1.0745440752804998,265.9321646485673,264.84999999999997,283.15,276.19825516849863,2.7576202181510405,2.1,0,297.15,0,294.15,0,0.46556437427060243,0,291.56322750875273,24.038449023550868,10.0,21.0,24.0,2,0,1,0.03844902355086788,0.0,0.4841698008993799,0.017435966548125216,0.5016057674475051
997200,0.3105200842219567,710.5510019187345,31.143346223066075,0.0,882.9436082012174,566.4000000000001,259.20000000000005,297.1762432189805,77777,997200,26.581730769230766,944.9692556634304,473.97409244406924,295,0.6939429105929453,-1.830152253641254,0.1,0.30000000000000004,101325,0.26,0.4760091901889183,-0.38001722622010287,69.34264038247515,996729.752210221,1.0947871366059783,268.5513298908034,267.04999999999995,285.34999999999997,277.8881296679886,0.7853981633974483,2.1,0,297.15,0,294.15,0,0.5647468900945966,0,290.3730373188648,24.02624321898054,12.199999999999989,21.0,24.0,2,0,1,0.026243218980539496,0.0,0.7105510019187345,0.031143346223066075,0.7416943481418006
1000800,0.33913004881508535,845.3461633755807,40.56906561953615,0.0,900.0569370369296,566.4000000000001,259.20000000000005,297.1610019946351,77777,1000800,4.2875,893.2687774088063,387.8365509409474,292,0.6939429105929453,-1.830152253641254,0.1,0.30000000000000004,101325,0.21,0.4038520292597547,-0.37990589329214947,69.60437203478531,1000328.8207803869,1.1669442975351418,267.99838665890405,264.84999999999997,285.34999999999997,277.31437557044046,0.7853981633974483,2.1,0,297.15,0,294.15,0,0.6166688906650385,0,289.7499733120195,24.011001994635137,12.199999999999989,21.0,24.0,2,0,1,0.01100199463513718,0.0,0.8453461633755807,0.040569065619536146,0.8859152289951168
1004400,0.3488192881680767,892.9125445911768,44.14664076008742,0.0,910.4553304329005,566.4000000000001,259.20000000000005,297.1499119730409,77777,1004400,0.0,800.4496691931355,261.37934488630674,298,0.6939429105929453,-1.830152253641254,0.1,0.30000000000000004,101325,0.22,0.2887589005536906,-0.3797943601779127,69.86610375306977,1003927.8902577643,1.282037426241206,269.31003804044724,265.95,286.45,278.193054097227,0.4014257279586958,3.1,0,297.15,0,294.15,0,0.6342126705457698,0,289.53944795345075,23.999911973040923,13.300000000000011,21.0,24.0,2,1,1,0.0,0.0,0.8929125445911769,0.044146640760087424,0.9370591853512643
1008000,0.33136122884093433,803.1272715938749,37.84436864898569,0.0,916.773597088004,566.4000000000001,259.20000000000005,297.1277078773639,77777,1008000,1.7625000000000002,491.0693745688277,110.42592123591238,286,0.6939429105929453,-1.830152253641254,0.0,0.0,101325,0.24,0.14147602641419743,-0.37968262696004235,70.1278355374318,1007526.960643774,1.4293203003806991,266.53682206415823,265.95,284.84999999999997,277.3060059065838,0.4014257279586958,3.1,0,297.15,0,294.15,0,0.602327030168668,0,289.922075637976,23.977707877363912,11.699999999999989,21.0,24.0,2,1,1,0.0,0.0,0.8031272715938749,0.037844368648985695,0.8409716402428605
1011600,0.27924648972426797,568.6829078704582,22.64953840438644,0.0,920.6126989536735,566.4000000000001,259.20000000000005,297.11418209786467,77777,1011600,1.5,76.07625649913345,3.396226415094347,276,0.6939429105929453,-1.830152253641254,0.0,0.0,101325,0.32,-0.02852142665225954,-0.37957069372131164,70.38956738797467,1011126.031939835,1.599317753447156,264.18783227657616,267.04999999999995,282.04999999999995,276.0821937224925,0.4014257279586958,4.6,0,297.15,0,294.15,0,0.5074909060943067,0,291.06010912686827,23.964182097864693,8.899999999999977,21.0,24.0,2,1,1,0.0,0.0,0.5686829078704582,0.02264953840438644,0.5913324462748446
1015200,0.2223640132088025,360.5024246208708,11.43640952795874,0.0,922.9454220059387,566.4000000000001,259.20000000000005,297.1190762828495,77777,1015200,0.0,0.0,0.0,262,0.6939429105929453,-1.830152253641254,0.0,0.0,101325,0.55,-0.21388111384337716,-0.3794585605446173,70.65129930480138,1014725.1041473647,1.7846774406382737,260.6430618176852,269.84999999999997,277.54999999999995,274.37103089564,0.4014257279586958,3.1,0,297.15,0,294.15,0,0.4041019965538233,0,292.3007760413541,23.969076282849528,4.399999999999977,21.0,24.0,2,1,1,0.0,0.0,0.3605024246208708,0.011436409527958739,0.3719388341488295
1018800,-2.2199535356297323e-52,0.0,3.1717516258296577e-102,6.924687448559367e-49,718.3271072126931,56.64000000000001,25.92,297.94572106354855,77777,1018800,0.0,0.0,0.0,253,0.6939429105929453,-1.830152253641254,0.0,0.0,101325,0.65,-0.40899407001551946,-0.379346227512979,70.91303128801492,1018324.1772677784,1.979790396810416,258.57707465861864,269.84999999999997,275.34999999999997,273.1298659471892,3.543018381548489,2.6,0,303.15,0,288.15,0,0.0,0,294.15,24.79572106354857,2.1999999999999886,15.0,30.0,0,1,0,0.0,6.924687448559366e-52,0.0,3.171751625829658e-105,6.924687448559366e-52
1022400,-3.3811500939489135e-128,0.0,7.357669946768805e-254,5.156935249499676e-125,593.0806286745604,56.64000000000001,25.92,297.1161635171386,77777,1022400,0.0,0.0,0.0,252,0.6939429105929453,-1.830152253641254,0.0,0.0,101325,0.67,-0.6091607661989991,-0.3792336947095396,71.174763337718,1021923.2513024895,2.1799570929938956,258.1075321224672,269.84999999999997,274.84999999999997,272.8076991620621,3.543018381548489,5.1,0,303.15,0,288.15,0,0.0,0,294.15,23.966163517138625,1.6999999999999886,15.0,30.0,0,1,0,0.0,5.156935249499677e-128,0.0,7.357669946768805e-257,5.156935249499677e-128
1026000,3.2922317893271864e-204,9.21945252638573e-203,0.0,0.0,517.1126439585751,56.64000000000001,25.92,296.3616900970818,77777,1026000,0.0,0.0,0.0,248,0.6939429105929453,-1.830152253641254,0.0,0.0,101325,0.64,-0.8093534831458484,-0.37912096221756475,71.43649545401338,1025522.3262529101,2.380149809940745,257.28533327717463,268.75,274.25,272.07791346267777,3.543018381548489,5.1,0,303.15,0,288.15,0,0.0,0,294.15,23.211690097081828,1.1000000000000227,15.0,30.0,0,1,0,0.0,0.0,9.21945252638573e-206,0.0,9.21945252638573e-206
1029600,6.328733146654747e-280,0.0,0.0,8.369469635670534e-277,471.03442468112894,56.64000000000001,25.92,295.5838216109674,77777,1029600,0.0,0.0,0.0,244,0.6939429105929453,-1.830152253641254,0.0,0.0,101325,0.66,-1.001600902463681,-0.3790080301204429,71.69822763700354,1029121.4021204497,2.5723972292585775,256.11203372276555,268.15,273.15,271.2063284070813,3.543018381548489,5.7,0,303.15,0,288.15,0,0.0,0,294.15,22.433821610967414,0.0,15.0,30.0,0,1,0,0.0,8.369469635670534e-280,0.0,0.0,8.369469635670534e-280
1033200,0.0,0.0,0.0,0.0,443.08577894940015,56.64000000000001,25.92,294.8472538691839,77777,1033200,0.0,0.0,0.0,242,0.6939429105929453,-1.830152253641254,0.0,0.0,101325,0.6900000000000001,-1.1670135255222238,-0.3788948985016844,71.9599598867909,1032720.4789065167,2.7378098523171204,255.54945923902525,268.15,272.54999999999995,270.8325101393897,3.543018381548489,6.2,0,303.15,0,288.15,0,0.0,0,294.15,21.697253869183896,-0.6000000000000227,15.0,30.0,0,1,0,0.0,0.0,0.0,0.0,0.0
1036800,0.0,0.0,0.0,0.0,426.1335874262351,56.64000000000001,25.92,294.19314807249015,77777,1036800,0.0,0.0,0.0,241,0.6939429105929453,-1.830152253641254,0.0,0.0,101325,0.66,-1.2542317389684374,-0.37878156744492264,72.2216922034777,1036319.5566125172,2.825028065763334,255.40787531825265,267.54999999999995,272.54999999999995,270.66222070813035,3.543018381548489,6.2,0,303.15,0,288.15,0,0.0,0,294.15,21.04314807249017,-0.6000000000000227,15.0,30.0,0,1,0,0.0,0.0,0.0,0.0,0.0
1040400,0.0,0.0,0.0,0.0,415.8514785990964,56.64000000000001,25.92,293.697396765439,77777,1040400,0.0,0.0,0.0,244,0.6939429105929453,-1.830152253641254,0.0,0.0,101325,0.52,-1.2010537085790611,-0.37866803703391255,72.48342458716608,1039918.6352398557,2.7718500353739577,256.15044774464917,265.95,273.75,270.894576750667,3.543018381548489,6.7,0,303.15,0,288.15,0,0.0,0,294.15,20.547396765439032,0.6000000000000227,15.0,30.0,0,1,0,0.0,0.0,0.0,0.0,0.0
1044000,0.0,0.0,0.0,0.0,409.6146805722387,56.64000000000001,25.92,293.15544348716895,77777,1044000,0.0,0.0,0.0,244,0.6939429105929453,-1.830152253641254,0.0,0.0,101325,0.52,-1.0493921655977134,-0.3785543073525311,72.7451570379581,1043517.7147899349,2.62018849239261,256.15044774464917,265.95,273.75,270.894576750667,3.141592653589793,6.7,0,303.15,0,288.15,0,0.0,0,294.15,20.005443487168975,0.6000000000000227,15.0,30.0,0,1,0,0.0,0.0,0.0,0.0,0.0
1047600,0.0,0.0,0.0,0.0,405.83176401673035,56.64000000000001,25.92,292.67173299620316,77777,1047600,0.0,0.0,0.0,245,0.6939429105929453,-1.830152253641254,0.0,0.0,101325,0.46,-0.861545899397461,-0.3784403784847771,73.00688955595554,1047116.7952641554,2.4323422261923575,256.352888799781,264.84999999999997,274.25,270.94329338864054,3.141592653589793,6.2,0,303.15,0,288.15,0,0.0,0,294.15,19.521732996203184,1.1000000000000227,15.0,30.0,0,1,0,0.0,0.0,0.0,0.0,0.0
1051200,0.0,0.0,0.0,0.0,403.5372440396025,56.64000000000001,25.92,292.1627449094864,77777,1051200,0.0,0.0,0.0,243,0.6939429105929453,-1.830152253641254,0.0,0.0,101325,0.37,-0.6623552392114163,-0.3783262505147707,73.26862214126018,1050715.8766639165,2.233151566006313,255.79164415008918,262.54999999999995,274.25,270.3634303599618,3.141592653589793,7.2,0,303.15,0,288.15,0,0.0,0,294.15,19.0127449094864,1.1000000000000227,15.0,30.0,0,1,0,0.0,0.0,0.0,0.0,0.0
1054800,0.0,0.0,0.0,0.0,402.14550783601766,56.64000000000001,25.92,291.66851656044213,77777,1054800,0.0,0.0,0.0,243,0.6939429105929453,-1.830152253641254,0.0,0.0,101325,0.37,-0.4614975971277038,-0.37821192352675376,73.53035479397363,1054314.9589906149,2.0322939239226003,255.79164415008918,262.54999999999995,274.25,270.3634303599618,3.543018381548489,6.7,0,303.15,0,288.15,0,0.0,0,294.15,18.51851656044215,1.1000000000000227,15.0,30.0,0,1,0,0.0,0.0,0.0,0.0,0.0
1058400,0.0,0.0,0.0,0.0,401.3013532068687,56.64000000000001,25.92,291.1851938829607,77777,1058400,0.0,0.0,0.0,243,0.6939429105929453,-1.830152253641254,0.0,0.0,101325,0.37,-0.26441332855175514,-0.378097397605089,73.7920875141973,1057914.0422456458,1.8352096553466517,255.79164415008918,262.54999999999995,274.25,270.3634303599618,3.141592653589793,7.7,0,303.15,0,288.15,0,0.0,0,294.15,18.035193882960698,1.1000000000000227,15.0,30.0,0,1,0,0.0,0.0,0.0,0.0,0.0
1062000,0.0,0.0,0.0,0.0,400.78933301505486,56.64000000000001,25.92,290.70557528102586,77777,1062000,11.375,57.366727941176464,1.9021739130434832,248,0.6939429105929453,-1.830152253641254,0.2,0.2,101325,0.37,-0.07573253084489884,-0.37798267283426024,74.05382030203258,1061513.1264304027,1.6465288576397954,257.28471372734555,262.04999999999995,273.75,269.9573706085776,3.543018381548489,5.7,0,303.15,0,288.15,0,0.0,0,294.15,17.55557528102588,0.6000000000000227,15.0,30.0,0,1,0,0.0,0.0,0.0,0.0,0.0
1065600,0.0,0.0,0.0,0.0,400.47876825858424,56.64000000000001,25.92,290.93252379199413,77777,1065600,79.53571428571429,450.70618872549016,108.93859989648033,246,0.6939429105929453,-1.830152253641254,0.1,0.1,101325,0.39,0.09927876607650887,-0.3778677492988721,74.31555315758065,1065112.2115462776,1.4715175607183877,256.54087294515705,262.54999999999995,273.75,270.0836028649978,3.543018381548489,6.2,0,303.15,0,288.15,0,0.0,0,294.15,17.78252379199415,0.6000000000000227,21.0,24.0,2,0,1,3.2174762080058485,0.0,0.0,0.0,0.0
1069200,6.600746139125174e-14,1.9470676345819545e-11,2.8041404564787237e-25,0.0,607.0216925828099,566.4000000000001,259.20000000000005,294.71049738951456,77777,1069200,122.99553571428571,800.4223149409628,260.84151785714283,258,0.6939429105929453,-1.830152253641254,0.1,0.2,101325,0.32,0.25379912844434394,-0.37775262708365004,74.57728608094257,1068711.2975946597,1.3169971983505526,259.7828730908095,263.15,277.04999999999995,272.24014604201716,3.543018381548489,5.1,0,297.15,0,294.15,0,0.0,0,294.15,21.56049738951458,3.8999999999999773,21.0,24.0,2,1,1,0.0,0.0,1.9470676345819546e-14,2.804140456478724e-28,1.9470676345819827e-14
1072800,7.599291951777818e-61,1.062863098198392e-57,3.7167210030936817e-119,0.0,732.743846047759,566.4000000000001,259.20000000000005,297.11963928584663,77777,1072800,104.4375,873.9867683923705,383.5706845238095,269,0.6939429105929453,-1.830152253641254,0.1,0.2,101325,0.22,0.37889399387578804,-0.3776373062734396,74.83901907221924,1072310.384576937,1.1919023329191085,262.4471241600782,261.45,280.34999999999997,273.8882004943084,3.543018381548489,5.7,0,297.15,0,294.15,0,0.0,0,294.15,23.969639285846654,7.199999999999989,21.0,24.0,2,1,1,0.0,0.0,1.0628630981983919e-60,3.7167210030936817e-122,1.0628630981983919e-60
1076400,0.20422417506567614,310.22729144200554,8.859718873634659,0.0,808.431343470556,566.4000000000001,259.20000000000005,297.2090602321046,77777,1076400,78.34375,905.318,452.89872283865003,288,0.6939429105929453,-1.830152253641254,0.30000000000000004,0.7000000000000001,101325,0.17,0.4639166744764964,-0.3775217869532068,75.10075213151153,1075909.4724944956,1.1068796523184001,267.0555584303194,260.95,283.75,275.7699796230212,3.543018381548489,5.7,0,297.15,0,294.15,0,0.3716884511201636,0,292.689738586558,24.059060232104628,10.600000000000023,21.0,24.0,2,0,1,0.05906023210462763,0.0,0.31022729144200556,0.008859718873634658,0.31908701031564024
1080000,0.2817110451214485,586.1653108588202,23.254666449632566,0.0,854.7827076647088,566.4000000000001,259.20000000000005,297.1909744921751,77777,1080000,52.455357142857146,937.5052884615385,492.7733009708738,302,0.6939429105929453,-1.830152253641254,0.30000000000000004,0.8,101325,0.11,0.4989275961562676,-0.3774060692080379,75.36248525892,1079508.5613487193,1.071868730638629,270.18164965614443,259.25,287.54999999999995,277.5207740667738,3.543018381548489,6.7,0,297.15,0,294.15,0,0.5124622894843543,0,291.0004525261877,24.04097449217511,14.399999999999977,21.0,24.0,2,0,1,0.040974492175109845,0.0,0.5861653108588203,0.023254666449632568,0.6094199773084529
1083600,0.33607747022283124,831.4659824164776,39.48359500130735,0.0,882.9468009378614,566.4000000000001,259.20000000000005,297.1756889629251,77777,1083600,27.007142857142856,964.5288699543031,488.2449438202247,304,0.6939429105929453,-1.830152253641254,0.1,0.6000000000000001,101325,0.12,0.4789747644755249,-0.3772901531231386,75.62421845454523,1083107.6511409907,1.0918215623193717,270.6473026970133,260.95,289.25,278.71377154079096,3.543018381548489,5.7,0,297.15,0,294.15,0,0.6112120583772173,0,289.81545529947334,24.02568896292513,16.100000000000023,21.0,24.0,2,0,1,0.025688962925130454,0.0,0.8314659824164776,0.03948359500130735,0.870949577417785
1087200,0.36597633303033134,983.8464875126604,50.986769271313285,0.0,900.0599035060709,566.4000000000001,259.20000000000005,297.16114362224727,77777,1087200,4.364705882352942,912.9084713011396,397.55624665596577,303,0.6939429105929453,-1.830152253641254,0.0,0.2,101325,0.13,0.40695028553929413,-0.377174038783835,75.88595171848759,1086706.7418726902,1.1638460412556024,270.34168844814343,262.54999999999995,289.84999999999997,279.23080844260784,3.141592653589793,4.6,0,297.15,0,294.15,0,0.6654800932506533,0,289.1642388809921,24.01114362224729,16.69999999999999,21.0,24.0,2,0,1,0.011143622247288931,0.0,0.9838464875126604,0.050986769271313286,1.0348332567839735
1090800,0.3738043633400757,1024.8249473386227,54.32898478362752,0.0,910.4581863151523,566.4000000000001,259.20000000000005,297.1496102767764,77777,1090800,0.0,791.0880759887245,260.4392771497088,309,0.6939429105929453,-1.830152253641254,0.1,0.30000000000000004,101325,0.11,0.29186513032556993,-0.37705772627557205,76.14768505084736,1090305.8335451963,1.2789311964693266,271.6765577807357,260.95,290.34999999999997,279.2409049985086,3.141592653589793,3.1,0,297.15,0,294.15,0,0.6796392978591177,0,288.9943284256906,23.999610276776423,17.19999999999999,21.0,24.0,2,1,1,0.0,0.0,1.0248249473386226,0.05432898478362752,1.07915393212225
1094400,0.35140577506659293,902.5739751606144,45.136218756190324,0.0,916.776402150052,566.4000000000001,259.20000000000005,297.12462684680315,77777,1094400,2.8645833333333326,469.70468032370604,110.19816873773708,300,0.6939429105929453,-1.830152253641254,0.1,0.30000000000000004,101325,0.17,0.1445197033822061,-0.3769412156839144,76.40941845172459,1093904.9261598855,1.4262766234126905,269.78295830311225,263.75,287.54999999999995,278.3086483894256,2.7576202181510405,9.3,0,297.15,0,294.15,0,0.6387526506665782,0,289.484968192001,23.974626846803176,14.399999999999977,21.0,24.0,2,1,1,0.0,0.0,0.9025739751606144,0.045136218756190324,0.9477101939168048
1098000,0.2942244937595749,631.4556184698367,26.493233245438766,0.0,920.6154718980238,566.4000000000001,259.20000000000005,297.11499912416355,77777,1098000,2.5000000000000004,66.46461397058823,1.6363636363636402,286,0.6939429105929453,-1.830152253641254,0.2,0.6000000000000001,101325,0.33,-0.025566394648779633,-0.37682450709454596,76.67115192121932,1097504.019718133,1.5963627214436762,266.4670331413736,267.54999999999995,282.04999999999995,276.17825260333746,1.5707963267948966,6.2,0,297.15,0,294.15,0,0.5347344743432599,0,290.7331863078809,23.96499912416357,8.899999999999977,21.0,24.0,2,1,1,0.0,0.0,0.6314556184698368,0.026493233245438765,0.6579488517152755
1101600,0.25354724360758907,469.8839828772751,16.954116803316463,0.0,922.9481820226573,566.4000000000001,259.20000000000005,297.1297355871997,77777,1101600,0.0,0.0,0.0,287,0.6939429105929453,-1.830152253641254,0.30000000000000004,0.7000000000000001,101325,0.29,-0.2110120749344806,-0.3767076005932693,76.93288545943136,1101103.1142213112,1.7818084017293772,266.72592788672995,265.95,282.04999999999995,275.7924007740831,0.4014257279586958,5.1,0,297.15,0,294.15,0,0.46086412130982607,0,291.6196305442821,23.97973558719974,8.899999999999977,21.0,24.0,2,1,1,0.0,0.0,0.4698839828772751,0.016954116803316464,0.4868380996805916
1105200,-2.5301607517960233e-46,0.0,4.1201206310520846e-90,9.785412843039236e-43,718.329946574558,56.64000000000001,25.92,299.04910634453626,77777,1105200,0.0,0.0,0.0,283,0.6939429105929453,-1.830152253641254,0.30000000000000004,0.8,101325,0.31,-0.40618944328782103,-0.37659049626600616,77.19461906646045,1104702.2096707916,1.9769857700827176,265.685692039627,265.95,280.95,275.1545509179706,1.1868238913561442,2.6,0,303.15,0,288.15,0,0.0,0,294.15,25.89910634453628,7.800000000000011,15.0,30.0,0,1,0,0.0,9.785412843039236e-46,0.0,4.1201206310520844e-93,9.785412843039236e-46
1108800,1.1442878603204574e-97,6.793850250812772e-95,8.427219066726086e-193,0.0,593.0834243517075,56.64000000000001,25.92,298.22147405674633,77777,1108800,0.0,0.0,0.0,271,0.6939429105929453,-1.830152253641254,0.2,0.6000000000000001,101325,0.37,-0.6063822505169911,-0.37647319419879666,77.45635274240611,1108301.306067943,2.1771785773118877,262.9572516981069,265.95,278.75,273.96781444636855,3.543018381548489,2.6,0,303.15,0,288.15,0,0.0,0,294.15,25.071474056746354,5.600000000000023,15.0,30.0,0,1,0,0.0,0.0,6.793850250812772e-98,8.427219066726086e-196,6.793850250812772e-98
1112400,2.7717736300549757e-149,5.199935780913268e-147,4.944577859347358e-296,0.0,517.1149821545016,56.64000000000001,25.92,297.41627313597104,77777,1112400,0.0,0.0,0.0,268,0.6939429105929453,-1.830152253641254,0.30000000000000004,0.8,101325,0.45,-0.8065412741172828,-0.3763556944777993,77.7180864873678,1111900.4034141332,2.3773376009121794,262.26660891695616,267.04999999999995,277.04999999999995,273.21051733496796,0.4014257279586958,2.6,0,303.15,0,288.15,0,0.0,0,294.15,24.266273135971062,3.8999999999999773,15.0,30.0,0,1,0,0.0,0.0,5.199935780913268e-150,4.944577859347358e-299,5.199935780913268e-150
1116000,6.249556914903507e-200,0.0,0.0,1.4224453823264786e-197,471.03623784256155,56.64000000000001,25.92,296.7069617943032,36600,1116000,0.0,0.0,0.0,277,0.6939429105929453,-1.830152253641254,0.7000000000000001,0.9,101325,0.52,-0.998666719965982,-0.3762379971892912,77.97982030144482,1115499.501710727,2.5694630467608786,264.3236004024197,268.15,276.45,273.2108624522956,1.1868238913561442,3.1,0,303.15,0,288.15,0,0.0,0,294.15,23.55696179430322,3.3000000000000114,15.0,30.0,0,1,0,0.0,1.4224453823264785e-200,0.0,0.0,1.4224453823264785e-200
1119600,-5.711338376077848e-251,9.688290977473997e-249,0.0,0.0,443.0871182661152,56.64000000000001,25.92,296.1754207363868,18300,1119600,0.0,0.0,0.0,299,0.6939429105929453,-1.830152253641254,1.0,1.0,101325,0.55,-1.1638912305979514,-0.376120102419667,78.2415541847363,1119098.6009590884,2.734687557392848,269.5112310472919,269.25,277.04999999999995,273.9400555363348,1.5707963267948966,3.6,0,303.15,0,288.15,0,0.0,0,294.15,23.02542073638682,3.8999999999999773,15.0,30.0,0,1,0,0.0,0.0,9.688290977473998e-252,0.0,9.688290977473998e-252
1123200,1.4927939161578118e-302,0.0,0.0,8.837491387507794e-300,426.1345450837748,56.64000000000001,25.92,295.83202016760345,18300,1123200,0.0,0.0,0.0,307,0.6939429105929453,-1.830152253641254,1.0,1.0,101325,0.51,-1.2513331523324198,-0.3760020102554397,78.5032881373413,1122697.7011605788,2.8221294791273164,271.313413426613,269.84999999999997,278.75,275.08902980181955,0.7853981633974483,4.6,0,303.15,0,288.15,0,0.0,0,294.15,22.68202016760347,5.600000000000023,15.0,30.0,0,1,0,0.0,8.837491387507795e-303,0.0,0.0,8.837491387507795e-303
1126800,-5e-324,1.383e-321,0.0,0.0,415.85205507961643,56.64000000000001,25.92,295.12180245466743,18300,1126800,0.0,0.0,0.0,296,0.6939429105929453,-1.830152253641254,1.0,1.0,101325,0.68,-1.199306488077125,-0.37588372078323984,78.76502215935867,1126296.8023165578,2.7701028148720215,268.85605254657537,270.95,275.95,273.8701372271935,6.283185307179586,4.1,0,303.15,0,288.15,0,0.0,0,294.15,21.971802454667454,2.8000000000000114,15.0,30.0,0,1,0,0.0,0.0,0.0,0.0,0.0
1130400,-5e-324,1.907e-321,0.0,0.0,409.6150557007242,56.64000000000001,25.92,294.44635659817584,15200,1130400,0.0,0.0,0.0,292,0.6939429105929453,-1.830152253641254,1.0,1.0,101325,0.74,-1.048530179939577,-0.3757652340898153,79.02675625088716,1129895.9044283836,2.6193265067344735,267.7843306484009,270.95,274.84999999999997,273.2505130552615,6.283185307179586,5.1,0,303.15,0,288.15,0,0.0,0,294.15,21.296356598175862,1.6999999999999886,15.0,30.0,0,1,0,0.0,0.0,0.0,0.0,0.0
1134000,-5e-324,2.347e-321,0.0,0.0,405.8320155676784,56.64000000000001,25.92,293.78109808804385,3400,1134000,0.0,0.0,0.0,288,0.6939429105929453,-1.830152253641254,1.0,1.0,101325,0.87,-0.8610684904455077,-0.3756465502620317,79.28849041202541,1133495.007497412,2.4318648172404043,266.97654793830816,272.04999999999995,273.75,272.9977247499291,1.9722220547535925,6.2,0,303.15,0,288.15,0,0.0,0,294.15,20.63109808804387,0.6000000000000227,15.0,30.0,0,1,0,0.0,0.0,0.0,0.0,0.0
1137600,-5e-324,2.56e-321,0.0,0.0,403.53740598610597,56.64000000000001,25.92,293.2424756909007,3400,1137600,0.0,0.0,0.0,289,0.6939429105929453,-1.830152253641254,1.0,1.0,101325,0.91,-0.6619936962377397,-0.3755276693868713,79.55022464287184,1137094.1115249968,2.2327900230326363,267.0959103515951,272.54999999999995,273.75,273.2308262954799,5.497787143782138,4.6,0,303.15,0,288.15,0,0.0,0,294.15,20.0924756909007,0.6000000000000227,15.0,30.0,0,1,0,0.0,0.0,5e-324,0.0,5e-324
1141200,-5e-324,2.9e-321,0.0,0.0,402.1456119056712,56.64000000000001,25.92,292.706298777646,1500,1141200,0.0,0.0,0.0,286,0.6939429105929453,-1.830152253641254,1.0,1.0,101325,0.9500000000000001,-0.4611022808536718,-0.37540859155143375,79.8119589435248,1140693.2165124903,2.0318986076485683,266.51049465767375,272.54999999999995,273.15,272.8703379459695,0.7853981633974483,3.1,0,303.15,0,288.15,0,0.0,0,294.15,19.55629877764602,0.0,15.0,30.0,0,1,0,0.0,0.0,5e-324,0.0,5e-324
1144800,-5e-324,3.404e-321,0.0,0.0,401.30141977690295,56.64000000000001,25.92,292.1773167146793,1500,1144800,0.0,0.0,0.0,286,0.6939429105929453,-1.830152253641254,1.0,1.0,101325,0.9500000000000001,-0.2638818715439102,-0.3752893168429351,80.07369331408252,1144292.322461243,1.8346781983388067,266.51049465767375,272.54999999999995,273.15,272.8703379459695,0.7853981633974483,5.1,0,303.15,0,288.15,0,0.0,0,294.15,19.02731671467933,0.0,15.0,30.0,0,1,0,0.0,0.0,5e-324,0.0,5e-324
1148400,-5e-324,4.67e-321,0.0,0.0,400.78937548362643,56.64000000000001,25.92,291.5501649547841,3000,1148400,1.5833333333333324,1.3571428571428568,0.875,280,0.6939429105929453,-1.830152253641254,1.0,1.0,101325,0.91,-0.07497893571880843,-0.3751698453487083,80.33542775464299,1147891.4293726028,1.645775262513705,265.0563112712296,270.95,272.04999999999995,271.57084033478645,1.5707963267948966,6.7,0,303.15,0,288.15,0,0.0,0,294.15,18.400164954784145,-1.1000000000000227,15.0,30.0,0,1,0,0.0,0.0,5e-324,0.0,5e-324
1152000,-5e-324,6e-321,0.0,0.0,400.4787952858941,56.64000000000001,25.92,291.1169794479023,3400,1152000,41.81920903954802,6.705357142857142,42.63135593220339,279,0.6939429105929453,-1.830152253641254,1.0,1.0,101325,0.87,0.10033711692095104,-0.3750501771562026,80.59716226530415,1151490.5372479165,1.4704592098739455,264.9124590363848,270.34999999999997,272.04999999999995,271.35596293652026,1.5707963267948966,3.6,0,303.15,0,288.15,0,0.0,0,294.15,17.966979447902304,-1.1000000000000227,21.0,24.0,2,0,1,3.033020552097696,0.0,5e-324,0.0,5e-324
1155600,0.111072377147878,0.0,1.4592917412888624,476.2521751671321,606.8944463004249,566.4000000000001,259.20000000000005,294.1606905520623,3000,1155600,98.14584472389284,14.319711538461538,100.7132386623912,281,0.6939429105929453,-1.830152253641254,1.0,1.0,101325,0.8300000000000001,0.255243005294705,-0.3749303123529835,80.85889684616377,1155089.6460885282,1.3155533215001916,265.3993409680819,270.34999999999997,272.54999999999995,271.6176002420935,3.9269908169872414,2.6,0,297.15,0,294.15,0,0.20188236050378894,0,297.985764849572,21.01069055206233,-0.6000000000000227,21.0,24.0,2,1,1,0.0,0.47625217516713214,0.0,0.0014592917412888625,0.477711466908421
1159200,0.09710376869048044,0.0,1.002961787645553,364.3187024375066,732.3260483945628,566.4000000000001,259.20000000000005,294.1574309365407,2700,1159200,142.14755884917176,22.60703577336642,147.88688688688688,285,0.6939429105929453,-1.830152253641254,1.0,1.0,101325,0.87,0.38078995403351446,-0.37481025102673254,81.12063149731951,1158688.7558957806,1.190006372761382,266.2479717718257,271.45,273.15,272.41849856921453,2.356194490192345,3.1,0,297.15,0,294.15,0,0.1765045877482251,0,297.50358716721627,21.007430936540743,0.0,21.0,24.0,2,1,1,0.0,0.3643187024375066,0.0,0.001002961787645553,0.3653216642251521
1162800,0.07972385467473188,0.0,0.5926361295510781,244.5222095824209,808.5411706591974,566.4000000000001,259.20000000000005,294.16701205453035,3000,1162800,189.13384128809662,64.14408602150537,219.46479951025404,288,0.6939429105929453,-1.830152253641254,1.0,1.0,101325,0.87,0.4662871727427329,-0.37468999326524693,81.38236621886882,1162287.8666710146,1.1045091540521637,266.97654793830816,272.04999999999995,273.75,272.9977247499291,1.1868238913561442,2.1,0,297.15,0,294.15,0,0.1448345708404239,0,296.90185684596804,21.01701205453037,0.6000000000000227,21.0,24.0,2,1,1,0.0,0.2445222095824209,0.0,0.0005926361295510781,0.24511484571197198
1166400,-1.7048792255856587e-09,0.0,1.8707072077857822e-16,3.1606147665557157e-07,854.8569650179148,566.4000000000001,259.20000000000005,294.3006718446178,3000,1166400,187.53338844163312,289.6891774891775,329.80371900826447,282,0.6939429105929453,-1.830152253641254,0.9,1.0,101325,0.8,0.5017159687292001,-0.3745695391564398,81.64410101090911,1165886.9784155688,1.0690803580656965,265.46042683561456,271.45,274.25,273.0589785653225,1.1868238913561442,3.6,0,297.15,0,294.15,0,0.0,0,294.15,21.15067184461782,1.1000000000000227,21.0,24.0,2,1,1,0.0,3.160614766555716e-10,0.0,1.8707072077857823e-19,3.160614768426423e-10
1170000,-2.9981316144955702e-46,0.0,5.785225352937656e-90,5.633250615469168e-43,883.0708406292648,566.4000000000001,259.20000000000005,295.66757898629373,4300,1170000,172.0728930266144,287.91548586623094,306.7708333333333,278,0.6939429105929453,-1.830152253641254,0.8,1.0,101325,0.74,0.48204461547979793,-0.37444888878833965,81.90583587353757,1169486.09113078,1.0887517113150986,264.5085129774767,270.95,274.84999999999997,273.2505130552615,0.7853981633974483,2.6,0,297.15,0,294.15,0,0.0,0,294.15,22.517578986293756,1.6999999999999886,21.0,24.0,2,1,1,0.0,5.633250615469168e-46,0.0,5.785225352937656e-93,5.633250615469168e-46
1173600,4.040524262182318e-93,2.1865947391863155e-90,1.050737738413952e-183,0.0,900.1841177340372,566.4000000000001,259.20000000000005,295.7240046594963,4300,1173600,170.21589208202363,120.28652862771398,220.9022435897436,287,0.6939429105929453,-1.830152253641254,0.9,1.0,101325,0.62,0.4101396189531319,-0.37432804224909033,82.16757080685127,1173085.2048179833,1.1606567078417647,266.7195418860602,269.84999999999997,275.95,273.46640661347175,1.1868238913561442,3.6,0,297.15,0,294.15,0,0.0,0,294.15,22.574004659496325,2.8000000000000114,21.0,24.0,2,1,1,0.0,0.0,2.1865947391863156e-93,1.050737738413952e-186,2.1865947391863156e-93
1177200,6.8158250115487645e-149,2.77077981624851e-146,2.989893758945126e-295,0.0,910.5642667833621,566.4000000000001,259.20000000000005,295.4639706503759,5200,1177200,116.0390114379085,94.08390841848406,149.38304552590267,283,0.6939429105929453,-1.830152253641254,0.9,1.0,101325,0.7000000000000001,0.29504785691835744,-0.3742069996269506,82.42930581094716,1176684.3194785113,1.2757484698765391,265.77702997282705,270.34999999999997,274.84999999999997,272.9981210507497,6.283185307179586,5.1,0,297.15,0,294.15,0,0.0,0,294.15,22.31397065037595,1.6999999999999886,21.0,24.0,2,1,1,0.0,0.0,2.7707798162485097e-149,2.989893758945126e-298,2.7707798162485097e-149
1180800,-1.8308135163993195e-210,0.0,0.0,1.5979814155488066e-207,916.8603973897754,566.4000000000001,259.20000000000005,295.05985716836096,5500,1180800,47.81828703703704,36.20109007458405,58.36054421768708,283,0.6939429105929453,-1.830152253641254,0.9,1.0,101325,0.7000000000000001,0.14762645410011932,-0.3740857610102945,82.69104088592204,1180283.4351136955,1.4231698726947772,265.77702997282705,270.34999999999997,274.84999999999997,272.9981210507497,0.7853981633974483,5.1,0,297.15,0,294.15,0,0.0,0,294.15,21.909857168360986,1.6999999999999886,21.0,24.0,2,1,1,0.0,1.5979814155488067e-210,0.0,0.0,1.5979814155488067e-210
1184400,-3.746256796401371e-262,0.0,0.0,1.9060736634929717e-260,920.6793377457523,566.4000000000001,259.20000000000005,294.333034441,4000,1184400,1.4907407407407423,0.6904761904761907,0.20833333333333037,286,0.6939429105929453,-1.830152253641254,1.0,1.0,101325,0.76,-0.022559288691060386,-0.3739643264876105,82.95277603187255,1183882.5517248646,1.593355615485957,266.56785760415494,270.34999999999997,273.75,272.3491151826148,1.1868238913561442,5.7,0,297.15,0,294.15,0,0.0,0,294.15,21.183034441000018,0.6000000000000227,21.0,24.0,2,1,1,0.0,1.9060736634929717e-263,0.0,0.0,1.9060736634929717e-263
1188000,0.06352444929076088,0.0,0.3348070416292107,157.922055819454,922.8160230972909,566.4000000000001,259.20000000000005,294.1316988522705,8200,1188000,0.0,0.0,0.0,281,0.6939429105929453,-1.830152253641254,1.0,1.0,101325,0.8,-0.2080991026836072,-0.3738426961475018,83.21451124889519,1187481.6693133458,1.7788954294785038,265.2788191190076,269.84999999999997,272.54999999999995,271.45068877814936,1.1868238913561442,4.6,0,297.15,0,294.15,0,0.11562303766462612,0,296.3468377156279,20.98169885227054,-0.6000000000000227,21.0,24.0,2,0,1,0.0183011477294599,0.15792205581945398,0.0,0.0003348070416292107,0.1582568628610832
1191600,8.114101158456192e-46,0.0,4.237402597036158e-89,3.7009349969389584e-42,718.2507504454614,56.64000000000001,25.92,291.7823510854033,1800,1191600,0.0,0.0,0.0,276,0.6939429105929453,-1.830152253641254,1.0,1.0,101325,0.87,-0.4033459544355946,-0.3737208700786859,83.47624653708637,1191080.7878804647,1.9741422812304912,264.2081652902389,269.84999999999997,271.45,270.7760415770065,0.7853981633974483,7.2,0,303.15,0,288.15,0,0.0,0,294.15,18.632351085403343,-1.6999999999999886,15.0,30.0,0,1,0,0.0,3.7009349969389584e-45,0.0,4.237402597036158e-92,3.7009349969389584e-45
1195200,-5.329802137884326e-79,1.1056621330287676e-75,1.8282730870875533e-155,0.0,593.0365395233471,56.64000000000001,25.92,290.90409034683336,300,1195200,0.0,0.0,0.0,266,0.6939429105929453,-1.830152253641254,1.0,1.0,101325,0.91,-0.6035664311120952,-0.37359884836999446,83.7379818965423,1194679.907427544,2.1743627579069917,261.6591607556256,268.15,269.25,268.833695538481,0.4014257279586958,12.9,0,303.15,0,288.15,0,0.0,0,294.15,17.75409034683338,-3.8999999999999773,15.0,30.0,0,1,0,0.0,0.0,1.1056621330287677e-78,1.8282730870875534e-158,1.1056621330287677e-78
1198800,2.1969544024080155e-131,0.0,3.1064257638190086e-260,2.0071122284190182e-127,517.087157754855,56.64000000000001,25.92,290.09588289784216,600,1198800,0.0,0.0,0.0,257,0.6939429105929453,-1.830152253641254,1.0,1.0,101325,0.87,-0.8036886645711787,-0.37347663111037327,83.9997173273591,1198279.0279559058,2.3744849913660753,259.4761222729912,265.95,267.54999999999995,266.99973737272745,6.283185307179586,9.3,0,303.15,0,288.15,0,0.0,0,294.15,16.945882897842182,-5.600000000000023,15.0,30.0,0,1,0,0.0,2.0071122284190184e-130,0.0,3.1064257638190087e-263,2.0071122284190184e-130
1202400,-3.068012206414555e-207,1.0029297944583881e-203,0.0,0.0,471.01957853980645,56.64000000000001,25.92,289.41941344850903,900,1202400,0.0,0.0,0.0,255,0.6939429105929453,-1.830152253641254,1.0,1.0,101325,0.91,-0.9956817646436611,-0.3733542183888816,84.26145282963267,1201878.149466869,2.5664780914385577,258.9912108129408,265.95,267.04999999999995,266.6800673938334,5.899212871740834,7.7,0,303.15,0,288.15,0,0.0,0,294.15,16.269413448509056,-6.100000000000023,15.0,30.0,0,1,0,0.0,0.0,1.0029297944583881e-206,0.0,1.0029297944583881e-206
1206000,-3.666897608833618e-283,1.3368093157803725e-279,0.0,0.0,443.0771455442779,56.64000000000001,25.92,288.82754211547297,3700,1206000,0.0,0.0,0.0,255,0.6939429105929453,-1.830152253641254,1.0,1.0,101325,0.91,-1.1606951942141484,-0.3732316102946928,84.52318840345886,1205477.271961751,2.731491521009045,258.9912108129408,265.95,267.04999999999995,266.6800673938334,5.899212871740834,7.2,0,303.15,0,288.15,0,0.0,0,294.15,15.677542115472988,-6.100000000000023,15.0,30.0,0,1,0,0.0,0.0,1.3368093157803725e-282,0.0,1.3368093157803725e-282
1209600,0.0,0.0,0.0,0.0,426.12857618132483,56.64000000000001,25.92,288.2621317760937,2700,1209600,0.0,0.0,0.0,255,0.6939429105929453,-1.830152253641254,1.0,1.0,101325,0.91,-1.2483208860778245,-0.37310880691709347,84.78492404893333,1209076.3954418676,2.819117212872721,258.9912108129408,265.95,267.04999999999995,266.6800673938334,6.283185307179586,6.7,0,303.15,0,288.15,0,0.0,0,294.15,15.112131776093747,-6.100000000000023,15.0,30.0,0,1,0,0.0,0.0,0.0,0.0,0.0
